payment_id,loan_id,payment_date,amount_due,amount_paid,payment_status,days_overdue
40001,30001,2024-01-01,962.13,962.13,Paid,0
40002,30001,2024-02-04,962.13,962.13,Paid,0
40003,30001,2024-03-05,962.13,368.32,Partial,50
40004,30001,2024-04-05,962.13,390.92,Partial,29
40005,30001,2024-05-05,962.13,962.13,Paid,0
40006,30001,2024-05-31,962.13,962.13,Paid,0
40007,30001,2024-06-30,962.13,962.13,Paid,0
40008,30001,2024-07-31,962.13,962.13,Paid,0
40009,30001,2024-08-29,962.13,962.13,Paid,0
40010,30001,2024-10-01,962.13,962.13,Paid,0
40011,30001,2024-10-31,962.13,962.13,Paid,0
40012,30001,2024-11-30,962.13,962.13,Paid,0
40013,30001,2024-12-31,962.13,962.13,Paid,0
40014,30001,2025-01-25,962.13,962.13,Paid,0
40015,30001,2025-02-28,962.13,962.13,Paid,0
40016,30001,2025-03-28,962.13,962.13,Paid,0
40017,30001,2025-04-30,962.13,962.13,Paid,0
40018,30001,2025-05-25,962.13,962.13,Paid,0
40019,30001,2025-06-24,962.13,375.88,Partial,31
40020,30001,2025-07-26,962.13,962.13,Paid,0
40021,30001,2025-08-25,962.13,962.13,Paid,0
40022,30001,2025-09-23,962.13,962.13,Paid,0
40023,30001,2025-10-24,962.13,962.13,Paid,0
40024,30001,2025-11-24,962.13,962.13,Paid,0
40025,30001,2025-12-23,962.13,962.13,Paid,0
40026,30001,2026-01-21,962.13,962.13,Paid,0
40027,30001,2026-02-24,962.13,962.13,Paid,0
40028,30001,2026-03-23,962.13,962.13,Paid,0
40029,30001,2026-04-25,962.13,962.13,Paid,0
40030,30001,2026-05-23,962.13,962.13,Paid,0
40031,30002,2024-01-03,784.25,784.25,Paid,0
40032,30002,2024-02-03,784.25,784.25,Paid,0
40033,30002,2024-03-02,784.25,784.25,Paid,0
40034,30002,2024-03-31,784.25,784.25,Paid,0
40035,30002,2024-05-01,784.25,249.28,Partial,49
40036,30002,2024-06-04,784.25,784.25,Paid,0
40037,30002,2024-06-29,784.25,556.62,Partial,43
40038,30002,2024-07-29,784.25,784.25,Paid,0
40039,30002,2024-09-01,784.25,784.25,Paid,0
40040,30002,2024-10-01,784.25,784.25,Paid,0
40041,30002,2024-10-27,784.25,784.25,Paid,0
40042,30002,2024-11-30,784.25,410.8,Partial,44
40043,30002,2024-12-27,784.25,784.25,Paid,0
40044,30002,2025-01-26,784.25,434.29,Partial,57
40045,30002,2025-02-26,784.25,784.25,Paid,0
40046,30002,2025-03-30,784.25,784.25,Paid,0
40047,30002,2025-04-28,784.25,784.25,Paid,0
40048,30002,2025-05-25,784.25,784.25,Paid,0
40049,30002,2025-06-28,784.25,784.25,Paid,0
40050,30002,2025-07-28,784.25,784.25,Paid,0
40051,30002,2025-08-24,784.25,784.25,Paid,0
40052,30002,2025-09-26,784.25,784.25,Paid,0
40053,30002,2025-10-23,784.25,784.25,Paid,0
40054,30002,2025-11-24,784.25,175.87,Partial,51
40055,30002,2025-12-24,784.25,784.25,Paid,0
40056,30002,2026-01-22,784.25,784.25,Paid,0
40057,30002,2026-02-19,784.25,784.25,Paid,0
40058,30002,2026-03-25,784.25,326.84,Partial,33
40059,30002,2026-04-23,784.25,175.63,Partial,44
40060,30002,2026-05-22,784.25,784.25,Paid,0
40061,30003,2024-01-05,293.32,293.32,Paid,0
40062,30003,2024-02-02,293.32,293.32,Paid,0
40063,30003,2024-03-03,293.32,293.32,Paid,0
40064,30003,2024-04-04,293.32,293.32,Paid,0
40065,30003,2024-05-05,293.32,293.32,Paid,0
40066,30003,2024-06-03,293.32,293.32,Paid,0
40067,30003,2024-06-29,293.32,293.32,Paid,0
40068,30003,2024-08-01,293.32,0,Missed,17
40069,30003,2024-09-01,293.32,293.32,Paid,0
40070,30003,2024-09-29,293.32,293.32,Paid,0
40071,30003,2024-10-30,293.32,59.83,Partial,59
40072,30003,2024-11-27,293.32,293.32,Paid,0
40073,30003,2024-12-27,293.32,293.32,Paid,0
40074,30003,2025-01-30,293.32,293.32,Paid,0
40075,30003,2025-02-25,293.32,293.32,Paid,0
40076,30003,2025-03-28,293.32,293.32,Paid,0
40077,30003,2025-04-25,293.32,293.32,Paid,0
40078,30003,2025-05-28,293.32,293.32,Paid,0
40079,30003,2025-06-29,293.32,293.32,Paid,0
40080,30003,2025-07-29,293.32,293.32,Paid,0
40081,30003,2025-08-24,293.32,293.32,Paid,0
40082,30003,2025-09-27,293.32,293.32,Paid,0
40083,30003,2025-10-22,293.32,293.32,Paid,0
40084,30003,2025-11-22,293.32,293.32,Paid,0
40085,30003,2025-12-22,293.32,293.32,Paid,0
40086,30003,2026-01-24,293.32,293.32,Paid,0
40087,30003,2026-02-23,293.32,293.32,Paid,0
40088,30003,2026-03-22,293.32,293.32,Paid,0
40089,30003,2026-04-21,293.32,293.32,Paid,0
40090,30003,2026-05-23,293.32,293.32,Paid,0
40091,30004,2024-01-05,3930.56,3930.56,Paid,0
40092,30004,2024-02-05,3930.56,3930.56,Paid,0
40093,30004,2024-03-03,3930.56,1296.91,Partial,41
40094,30004,2024-04-03,3930.56,3930.56,Paid,0
40095,30004,2024-05-01,3930.56,3930.56,Paid,0
40096,30004,2024-06-02,3930.56,3930.56,Paid,0
40097,30004,2024-07-03,3930.56,3930.56,Paid,0
40098,30004,2024-07-30,3930.56,3930.56,Paid,0
40099,30004,2024-09-01,3930.56,3930.56,Paid,0
40100,30004,2024-10-02,3930.56,3930.56,Paid,0
40101,30004,2024-10-30,3930.56,3930.56,Paid,0
40102,30004,2024-11-26,3930.56,3930.56,Paid,0
40103,30004,2024-12-29,3930.56,3930.56,Paid,0
40104,30004,2025-01-25,3930.56,3930.56,Paid,0
40105,30004,2025-02-28,3930.56,3930.56,Paid,0
40106,30004,2025-03-27,3930.56,3930.56,Paid,0
40107,30004,2025-04-26,3930.56,3930.56,Paid,0
40108,30004,2025-05-29,3930.56,3930.56,Paid,0
40109,30004,2025-06-28,3930.56,3930.56,Paid,0
40110,30004,2025-07-24,3930.56,3930.56,Paid,0
40111,30004,2025-08-28,3930.56,3930.56,Paid,0
40112,30004,2025-09-26,3930.56,3930.56,Paid,0
40113,30004,2025-10-22,3930.56,2613.52,Partial,44
40114,30004,2025-11-24,3930.56,3930.56,Paid,0
40115,30004,2025-12-23,3930.56,3930.56,Paid,0
40116,30004,2026-01-25,3930.56,3930.56,Paid,0
40117,30004,2026-02-20,3930.56,1923.12,Partial,52
40118,30004,2026-03-24,3930.56,3930.56,Paid,0
40119,30004,2026-04-25,3930.56,2760.49,Partial,39
40120,30004,2026-05-20,3930.56,3930.56,Paid,0
40121,30005,2024-01-03,160.1,160.1,Paid,0
40122,30005,2024-02-01,160.1,40.07,Partial,41
40123,30005,2024-03-05,160.1,160.1,Paid,0
40124,30005,2024-04-01,160.1,160.1,Paid,0
40125,30005,2024-05-05,160.1,160.1,Paid,0
40126,30005,2024-06-03,160.1,160.1,Paid,0
40127,30005,2024-07-03,160.1,160.1,Paid,0
40128,30005,2024-08-03,160.1,160.1,Paid,0
40129,30005,2024-08-30,160.1,160.1,Paid,0
40130,30005,2024-09-27,160.1,160.1,Paid,0
40131,30005,2024-11-01,160.1,160.1,Paid,0
40132,30005,2024-11-28,160.1,160.1,Paid,0
40133,30005,2024-12-29,160.1,160.1,Paid,0
40134,30005,2025-01-29,160.1,160.1,Paid,0
40135,30005,2025-03-01,160.1,160.1,Paid,0
40136,30005,2025-03-27,160.1,160.1,Paid,0
40137,30005,2025-04-29,160.1,160.1,Paid,0
40138,30005,2025-05-27,160.1,160.1,Paid,0
40139,30005,2025-06-27,160.1,160.1,Paid,0
40140,30005,2025-07-26,160.1,160.1,Paid,0
40141,30005,2025-08-28,160.1,160.1,Paid,0
40142,30005,2025-09-23,160.1,160.1,Paid,0
40143,30005,2025-10-27,160.1,160.1,Paid,0
40144,30005,2025-11-22,160.1,160.1,Paid,0
40145,30005,2025-12-26,160.1,41.65,Partial,35
40146,30005,2026-01-23,160.1,160.1,Paid,0
40147,30005,2026-02-23,160.1,160.1,Paid,0
40148,30005,2026-03-26,160.1,160.1,Paid,0
40149,30005,2026-04-21,160.1,160.1,Paid,0
40150,30005,2026-05-25,160.1,160.1,Paid,0
40151,30006,2024-01-01,5792.37,5792.37,Paid,0
40152,30006,2024-02-03,5792.37,2671.59,Partial,7
40153,30006,2024-03-03,5792.37,5792.37,Paid,0
40154,30006,2024-03-31,5792.37,5792.37,Paid,0
40155,30006,2024-05-05,5792.37,5792.37,Paid,0
40156,30006,2024-06-02,5792.37,5792.37,Paid,0
40157,30006,2024-07-03,5792.37,5792.37,Paid,0
40158,30006,2024-08-02,5792.37,5792.37,Paid,0
40159,30006,2024-08-29,5792.37,5792.37,Paid,0
40160,30006,2024-09-30,5792.37,5792.37,Paid,0
40161,30006,2024-11-01,5792.37,2959.28,Partial,15
40162,30006,2024-11-26,5792.37,5792.37,Paid,0
40163,30006,2024-12-30,5792.37,5792.37,Paid,0
40164,30006,2025-01-26,5792.37,5792.37,Paid,0
40165,30006,2025-03-01,5792.37,5792.37,Paid,0
40166,30006,2025-03-27,5792.37,5792.37,Paid,0
40167,30006,2025-04-26,5792.37,5792.37,Paid,0
40168,30006,2025-05-27,5792.37,5792.37,Paid,0
40169,30006,2025-06-26,5792.37,5792.37,Paid,0
40170,30006,2025-07-27,5792.37,5792.37,Paid,0
40171,30006,2025-08-27,5792.37,5792.37,Paid,0
40172,30006,2025-09-27,5792.37,5792.37,Paid,0
40173,30006,2025-10-22,5792.37,5792.37,Paid,0
40174,30006,2025-11-26,5792.37,5792.37,Paid,0
40175,30006,2025-12-25,5792.37,5792.37,Paid,0
40176,30006,2026-01-22,5792.37,5792.37,Paid,0
40177,30006,2026-02-20,5792.37,5792.37,Paid,0
40178,30006,2026-03-24,5792.37,5792.37,Paid,0
40179,30006,2026-04-22,5792.37,5792.37,Paid,0
40180,30006,2026-05-24,5792.37,5792.37,Paid,0
40181,30007,2024-01-01,376.84,376.84,Paid,0
40182,30007,2024-02-02,376.84,256.92,Partial,64
40183,30007,2024-03-03,376.84,376.84,Paid,0
40184,30007,2024-04-04,376.84,376.84,Paid,0
40185,30007,2024-05-03,376.84,0,Missed,39
40186,30007,2024-06-02,376.84,376.84,Paid,0
40187,30007,2024-07-01,376.84,0,Missed,32
40188,30007,2024-08-03,376.84,376.84,Paid,0
40189,30007,2024-09-01,376.84,376.84,Paid,0
40190,30007,2024-09-30,376.84,376.84,Paid,0
40191,30007,2024-10-27,376.84,376.84,Paid,0
40192,30007,2024-11-27,376.84,376.84,Paid,0
40193,30007,2024-12-27,376.84,376.84,Paid,0
40194,30007,2025-01-28,376.84,0,Missed,36
40195,30007,2025-02-28,376.84,376.84,Paid,0
40196,30007,2025-03-28,376.84,376.84,Paid,0
40197,30007,2025-04-25,376.84,376.84,Paid,0
40198,30007,2025-05-30,376.84,376.84,Paid,0
40199,30007,2025-06-24,376.84,376.84,Paid,0
40200,30007,2025-07-25,376.84,376.84,Paid,0
40201,30007,2025-08-25,376.84,376.84,Paid,0
40202,30007,2025-09-26,376.84,376.84,Paid,0
40203,30007,2025-10-27,376.84,376.84,Paid,0
40204,30007,2025-11-22,376.84,376.84,Paid,0
40205,30007,2025-12-22,376.84,376.84,Paid,0
40206,30007,2026-01-21,376.84,376.84,Paid,0
40207,30007,2026-02-20,376.84,376.84,Paid,0
40208,30007,2026-03-22,376.84,376.84,Paid,0
40209,30007,2026-04-22,376.84,376.84,Paid,0
40210,30007,2026-05-20,376.84,376.84,Paid,0
40211,30008,2024-01-01,652.76,652.76,Paid,0
40212,30008,2024-02-05,652.76,652.76,Paid,0
40213,30008,2024-03-01,652.76,652.76,Paid,0
40214,30008,2024-04-04,652.76,0,Missed,57
40215,30008,2024-05-03,652.76,652.76,Paid,0
40216,30008,2024-06-01,652.76,652.76,Paid,0
40217,30008,2024-07-03,652.76,652.76,Paid,0
40218,30008,2024-08-01,652.76,652.76,Paid,0
40219,30008,2024-09-01,652.76,652.76,Paid,0
40220,30008,2024-09-28,652.76,652.76,Paid,0
40221,30008,2024-10-28,652.76,652.76,Paid,0
40222,30008,2024-11-29,652.76,652.76,Paid,0
40223,30008,2024-12-30,652.76,652.76,Paid,0
40224,30008,2025-01-27,652.76,652.76,Paid,0
40225,30008,2025-03-01,652.76,652.76,Paid,0
40226,30008,2025-03-29,652.76,0,Missed,47
40227,30008,2025-04-29,652.76,652.76,Paid,0
40228,30008,2025-05-30,652.76,652.76,Paid,0
40229,30008,2025-06-29,652.76,652.76,Paid,0
40230,30008,2025-07-28,652.76,652.76,Paid,0
40231,30008,2025-08-25,652.76,652.76,Paid,0
40232,30008,2025-09-24,652.76,652.76,Paid,0
40233,30008,2025-10-24,652.76,652.76,Paid,0
40234,30008,2025-11-24,652.76,0,Missed,24
40235,30008,2025-12-23,652.76,652.76,Paid,0
40236,30008,2026-01-23,652.76,652.76,Paid,0
40237,30008,2026-02-24,652.76,652.76,Paid,0
40238,30008,2026-03-23,652.76,652.76,Paid,0
40239,30008,2026-04-22,652.76,652.76,Paid,0
40240,30008,2026-05-24,652.76,652.76,Paid,0
40241,30009,2024-01-05,131.49,131.49,Paid,0
40242,30009,2024-01-31,131.49,131.49,Paid,0
40243,30009,2024-03-02,131.49,131.49,Paid,0
40244,30009,2024-04-03,131.49,131.49,Paid,0
40245,30009,2024-05-05,131.49,131.49,Paid,0
40246,30009,2024-05-30,131.49,131.49,Paid,0
40247,30009,2024-07-02,131.49,131.49,Paid,0
40248,30009,2024-08-03,131.49,131.49,Paid,0
40249,30009,2024-09-02,131.49,131.49,Paid,0
40250,30009,2024-09-30,131.49,131.49,Paid,0
40251,30009,2024-10-31,131.49,131.49,Paid,0
40252,30009,2024-11-26,131.49,131.49,Paid,0
40253,30009,2024-12-31,131.49,131.49,Paid,0
40254,30009,2025-01-26,131.49,131.49,Paid,0
40255,30009,2025-02-27,131.49,131.49,Paid,0
40256,30009,2025-03-26,131.49,131.49,Paid,0
40257,30009,2025-04-27,131.49,131.49,Paid,0
40258,30009,2025-05-27,131.49,131.49,Paid,0
40259,30009,2025-06-26,131.49,131.49,Paid,0
40260,30009,2025-07-27,131.49,131.49,Paid,0
40261,30009,2025-08-28,131.49,0,Missed,15
40262,30009,2025-09-26,131.49,131.49,Paid,0
40263,30009,2025-10-27,131.49,131.49,Paid,0
40264,30009,2025-11-23,131.49,131.49,Paid,0
40265,30009,2025-12-26,131.49,131.49,Paid,0
40266,30009,2026-01-25,131.49,131.49,Paid,0
40267,30009,2026-02-19,131.49,131.49,Paid,0
40268,30009,2026-03-23,131.49,131.49,Paid,0
40269,30009,2026-04-21,131.49,131.49,Paid,0
40270,30009,2026-05-25,131.49,131.49,Paid,0
40271,30010,2024-01-03,88.36,88.36,Paid,0
40272,30010,2024-02-04,88.36,88.36,Paid,0
40273,30010,2024-03-01,88.36,88.36,Paid,0
40274,30010,2024-04-02,88.36,88.36,Paid,0
40275,30010,2024-05-02,88.36,88.36,Paid,0
40276,30010,2024-06-04,88.36,88.36,Paid,0
40277,30010,2024-07-04,88.36,88.36,Paid,0
40278,30010,2024-08-01,88.36,88.36,Paid,0
40279,30010,2024-08-30,88.36,88.36,Paid,0
40280,30010,2024-10-01,88.36,0,Missed,29
40281,30010,2024-10-28,88.36,88.36,Paid,0
40282,30010,2024-11-26,88.36,88.36,Paid,0
40283,30010,2024-12-27,88.36,88.36,Paid,0
40284,30010,2025-01-30,88.36,88.36,Paid,0
40285,30010,2025-02-24,88.36,88.36,Paid,0
40286,30010,2025-03-29,88.36,88.36,Paid,0
40287,30010,2025-04-25,88.36,42.76,Partial,6
40288,30010,2025-05-25,88.36,88.36,Paid,0
40289,30010,2025-06-28,88.36,88.36,Paid,0
40290,30010,2025-07-24,88.36,88.36,Paid,0
40291,30010,2025-08-27,88.36,88.36,Paid,0
40292,30010,2025-09-27,88.36,38.34,Partial,17
40293,30010,2025-10-23,88.36,88.36,Paid,0
40294,30010,2025-11-24,88.36,88.36,Paid,0
40295,30010,2025-12-22,88.36,88.36,Paid,0
40296,30010,2026-01-21,88.36,88.36,Paid,0
40297,30010,2026-02-24,88.36,88.36,Paid,0
40298,30010,2026-03-23,88.36,88.36,Paid,0
40299,30010,2026-04-23,88.36,0,Missed,37
40300,30010,2026-05-22,88.36,88.36,Paid,0
40301,30011,2024-01-02,787.41,0,Missed,47
40302,30011,2024-02-04,787.41,787.41,Paid,0
40303,30011,2024-03-05,787.41,787.41,Paid,0
40304,30011,2024-04-05,787.41,787.41,Paid,0
40305,30011,2024-05-04,787.41,787.41,Paid,0
40306,30011,2024-06-04,787.41,787.41,Paid,0
40307,30011,2024-07-01,787.41,385.04,Partial,17
40308,30011,2024-07-29,787.41,787.41,Paid,0
40309,30011,2024-08-30,787.41,787.41,Paid,0
40310,30011,2024-09-28,787.41,787.41,Paid,0
40311,30011,2024-10-27,787.41,787.41,Paid,0
40312,30011,2024-11-27,787.41,787.41,Paid,0
40313,30011,2024-12-29,787.41,787.41,Paid,0
40314,30011,2025-01-30,787.41,604.87,Partial,33
40315,30011,2025-02-26,787.41,787.41,Paid,0
40316,30011,2025-03-29,787.41,787.41,Paid,0
40317,30011,2025-04-29,787.41,787.41,Paid,0
40318,30011,2025-05-25,787.41,787.41,Paid,0
40319,30011,2025-06-25,787.41,787.41,Paid,0
40320,30011,2025-07-28,787.41,787.41,Paid,0
40321,30011,2025-08-24,787.41,787.41,Paid,0
40322,30011,2025-09-27,787.41,787.41,Paid,0
40323,30011,2025-10-25,787.41,787.41,Paid,0
40324,30011,2025-11-21,787.41,787.41,Paid,0
40325,30011,2025-12-22,787.41,787.41,Paid,0
40326,30011,2026-01-24,787.41,787.41,Paid,0
40327,30011,2026-02-24,787.41,787.41,Paid,0
40328,30011,2026-03-26,787.41,787.41,Paid,0
40329,30011,2026-04-22,787.41,787.41,Paid,0
40330,30011,2026-05-20,787.41,787.41,Paid,0
40331,30012,2024-01-03,911.37,911.37,Paid,0
40332,30012,2024-02-03,911.37,911.37,Paid,0
40333,30012,2024-03-03,911.37,911.37,Paid,0
40334,30012,2024-04-03,911.37,911.37,Paid,0
40335,30012,2024-04-30,911.37,911.37,Paid,0
40336,30012,2024-06-03,911.37,911.37,Paid,0
40337,30012,2024-06-29,911.37,911.37,Paid,0
40338,30012,2024-07-30,911.37,911.37,Paid,0
40339,30012,2024-09-02,911.37,911.37,Paid,0
40340,30012,2024-09-27,911.37,911.37,Paid,0
40341,30012,2024-10-30,911.37,911.37,Paid,0
40342,30012,2024-11-29,911.37,911.37,Paid,0
40343,30012,2024-12-29,911.37,0,Missed,32
40344,30012,2025-01-30,911.37,911.37,Paid,0
40345,30012,2025-02-26,911.37,911.37,Paid,0
40346,30012,2025-03-27,911.37,911.37,Paid,0
40347,30012,2025-04-28,911.37,911.37,Paid,0
40348,30012,2025-05-28,911.37,911.37,Paid,0
40349,30012,2025-06-26,911.37,911.37,Paid,0
40350,30012,2025-07-24,911.37,911.37,Paid,0
40351,30012,2025-08-28,911.37,911.37,Paid,0
40352,30012,2025-09-25,911.37,911.37,Paid,0
40353,30012,2025-10-22,911.37,911.37,Paid,0
40354,30012,2025-11-26,911.37,911.37,Paid,0
40355,30012,2025-12-25,911.37,911.37,Paid,0
40356,30012,2026-01-21,911.37,911.37,Paid,0
40357,30012,2026-02-24,911.37,0,Missed,62
40358,30012,2026-03-23,911.37,911.37,Paid,0
40359,30012,2026-04-25,911.37,911.37,Paid,0
40360,30012,2026-05-24,911.37,911.37,Paid,0
40361,30013,2024-01-03,2993.11,2993.11,Paid,0
40362,30013,2024-02-02,2993.11,2993.11,Paid,0
40363,30013,2024-03-01,2993.11,2993.11,Paid,0
40364,30013,2024-04-01,2993.11,0,Missed,18
40365,30013,2024-05-05,2993.11,2993.11,Paid,0
40366,30013,2024-05-30,2993.11,2993.11,Paid,0
40367,30013,2024-07-01,2993.11,2993.11,Paid,0
40368,30013,2024-08-01,2993.11,2993.11,Paid,0
40369,30013,2024-08-28,2993.11,0,Missed,40
40370,30013,2024-10-02,2993.11,2993.11,Paid,0
40371,30013,2024-10-31,2993.11,2993.11,Paid,0
40372,30013,2024-11-26,2993.11,2993.11,Paid,0
40373,30013,2024-12-29,2993.11,2993.11,Paid,0
40374,30013,2025-01-29,2993.11,2993.11,Paid,0
40375,30013,2025-03-01,2993.11,2993.11,Paid,0
40376,30013,2025-03-28,2993.11,2993.11,Paid,0
40377,30013,2025-04-30,2993.11,2993.11,Paid,0
40378,30013,2025-05-25,2993.11,2993.11,Paid,0
40379,30013,2025-06-25,2993.11,2993.11,Paid,0
40380,30013,2025-07-28,2993.11,2993.11,Paid,0
40381,30013,2025-08-25,2993.11,2993.11,Paid,0
40382,30013,2025-09-25,2993.11,2993.11,Paid,0
40383,30013,2025-10-22,2993.11,2993.11,Paid,0
40384,30013,2025-11-23,2993.11,2993.11,Paid,0
40385,30013,2025-12-23,2993.11,1470.16,Partial,31
40386,30013,2026-01-24,2993.11,2993.11,Paid,0
40387,30013,2026-02-24,2993.11,2993.11,Paid,0
40388,30013,2026-03-25,2993.11,2993.11,Paid,0
40389,30013,2026-04-22,2993.11,2993.11,Paid,0
40390,30013,2026-05-23,2993.11,2993.11,Paid,0
40391,30014,2024-01-05,749.43,399.23,Partial,7
40392,30014,2024-02-04,749.43,749.43,Paid,0
40393,30014,2024-03-03,749.43,749.43,Paid,0
40394,30014,2024-04-04,749.43,749.43,Paid,0
40395,30014,2024-04-30,749.43,749.43,Paid,0
40396,30014,2024-06-03,749.43,749.43,Paid,0
40397,30014,2024-06-30,749.43,428.55,Partial,26
40398,30014,2024-08-02,749.43,749.43,Paid,0
40399,30014,2024-09-02,749.43,749.43,Paid,0
40400,30014,2024-10-01,749.43,749.43,Paid,0
40401,30014,2024-10-28,749.43,749.43,Paid,0
40402,30014,2024-11-29,749.43,749.43,Paid,0
40403,30014,2024-12-27,749.43,749.43,Paid,0
40404,30014,2025-01-27,749.43,749.43,Paid,0
40405,30014,2025-02-26,749.43,749.43,Paid,0
40406,30014,2025-03-30,749.43,749.43,Paid,0
40407,30014,2025-04-25,749.43,749.43,Paid,0
40408,30014,2025-05-26,749.43,749.43,Paid,0
40409,30014,2025-06-24,749.43,749.43,Paid,0
40410,30014,2025-07-27,749.43,749.43,Paid,0
40411,30014,2025-08-23,749.43,749.43,Paid,0
40412,30014,2025-09-25,749.43,749.43,Paid,0
40413,30014,2025-10-26,749.43,749.43,Paid,0
40414,30014,2025-11-25,749.43,749.43,Paid,0
40415,30014,2025-12-23,749.43,749.43,Paid,0
40416,30014,2026-01-25,749.43,749.43,Paid,0
40417,30014,2026-02-20,749.43,749.43,Paid,0
40418,30014,2026-03-21,749.43,749.43,Paid,0
40419,30014,2026-04-25,749.43,749.43,Paid,0
40420,30014,2026-05-24,749.43,749.43,Paid,0
40421,30015,2024-01-04,676.18,676.18,Paid,0
40422,30015,2024-02-05,676.18,676.18,Paid,0
40423,30015,2024-03-05,676.18,676.18,Paid,0
40424,30015,2024-03-31,676.18,676.18,Paid,0
40425,30015,2024-05-02,676.18,676.18,Paid,0
40426,30015,2024-05-31,676.18,0,Missed,9
40427,30015,2024-06-29,676.18,676.18,Paid,0
40428,30015,2024-08-02,676.18,676.18,Paid,0
40429,30015,2024-08-29,676.18,676.18,Paid,0
40430,30015,2024-09-28,676.18,676.18,Paid,0
40431,30015,2024-10-28,676.18,676.18,Paid,0
40432,30015,2024-11-30,676.18,676.18,Paid,0
40433,30015,2024-12-26,676.18,676.18,Paid,0
40434,30015,2025-01-29,676.18,676.18,Paid,0
40435,30015,2025-02-27,676.18,676.18,Paid,0
40436,30015,2025-03-29,676.18,202.91,Partial,14
40437,30015,2025-04-29,676.18,676.18,Paid,0
40438,30015,2025-05-27,676.18,676.18,Paid,0
40439,30015,2025-06-28,676.18,0,Missed,31
40440,30015,2025-07-26,676.18,358.41,Partial,23
40441,30015,2025-08-25,676.18,676.18,Paid,0
40442,30015,2025-09-27,676.18,676.18,Paid,0
40443,30015,2025-10-27,676.18,676.18,Paid,0
40444,30015,2025-11-22,676.18,676.18,Paid,0
40445,30015,2025-12-22,676.18,676.18,Paid,0
40446,30015,2026-01-24,676.18,238.32,Partial,64
40447,30015,2026-02-22,676.18,676.18,Paid,0
40448,30015,2026-03-24,676.18,676.18,Paid,0
40449,30015,2026-04-20,676.18,0,Missed,41
40450,30015,2026-05-20,676.18,676.18,Paid,0
40451,30016,2024-01-03,3510.37,3510.37,Paid,0
40452,30016,2024-02-01,3510.37,3510.37,Paid,0
40453,30016,2024-03-03,3510.37,3510.37,Paid,0
40454,30016,2024-04-05,3510.37,3510.37,Paid,0
40455,30016,2024-05-04,3510.37,3510.37,Paid,0
40456,30016,2024-06-03,3510.37,1027.94,Partial,5
40457,30016,2024-07-02,3510.37,3510.37,Paid,0
40458,30016,2024-07-30,3510.37,3510.37,Paid,0
40459,30016,2024-09-01,3510.37,3510.37,Paid,0
40460,30016,2024-09-29,3510.37,3510.37,Paid,0
40461,30016,2024-10-27,3510.37,3510.37,Paid,0
40462,30016,2024-11-30,3510.37,2248.6,Partial,49
40463,30016,2024-12-28,3510.37,3510.37,Paid,0
40464,30016,2025-01-26,3510.37,3510.37,Paid,0
40465,30016,2025-03-01,3510.37,3510.37,Paid,0
40466,30016,2025-03-26,3510.37,3510.37,Paid,0
40467,30016,2025-04-27,3510.37,3510.37,Paid,0
40468,30016,2025-05-29,3510.37,3510.37,Paid,0
40469,30016,2025-06-24,3510.37,1406.37,Partial,59
40470,30016,2025-07-27,3510.37,3510.37,Paid,0
40471,30016,2025-08-23,3510.37,3510.37,Paid,0
40472,30016,2025-09-23,3510.37,3510.37,Paid,0
40473,30016,2025-10-26,3510.37,2037.18,Partial,43
40474,30016,2025-11-24,3510.37,3510.37,Paid,0
40475,30016,2025-12-25,3510.37,3510.37,Paid,0
40476,30016,2026-01-24,3510.37,3510.37,Paid,0
40477,30016,2026-02-21,3510.37,3510.37,Paid,0
40478,30016,2026-03-22,3510.37,3510.37,Paid,0
40479,30016,2026-04-25,3510.37,3510.37,Paid,0
40480,30016,2026-05-23,3510.37,0,Missed,51
40481,30017,2024-01-05,1650.58,1650.58,Paid,0
40482,30017,2024-01-31,1650.58,1650.58,Paid,0
40483,30017,2024-03-03,1650.58,1650.58,Paid,0
40484,30017,2024-04-01,1650.58,1650.58,Paid,0
40485,30017,2024-04-30,1650.58,1650.58,Paid,0
40486,30017,2024-06-04,1650.58,1650.58,Paid,0
40487,30017,2024-07-02,1650.58,1650.58,Paid,0
40488,30017,2024-08-01,1650.58,1650.58,Paid,0
40489,30017,2024-09-02,1650.58,1650.58,Paid,0
40490,30017,2024-09-28,1650.58,1650.58,Paid,0
40491,30017,2024-10-28,1650.58,1650.58,Paid,0
40492,30017,2024-12-01,1650.58,1650.58,Paid,0
40493,30017,2024-12-30,1650.58,1650.58,Paid,0
40494,30017,2025-01-30,1650.58,1650.58,Paid,0
40495,30017,2025-02-25,1650.58,1650.58,Paid,0
40496,30017,2025-03-29,1650.58,1650.58,Paid,0
40497,30017,2025-04-29,1650.58,1650.58,Paid,0
40498,30017,2025-05-30,1650.58,1650.58,Paid,0
40499,30017,2025-06-26,1650.58,1650.58,Paid,0
40500,30017,2025-07-26,1650.58,1650.58,Paid,0
40501,30017,2025-08-28,1650.58,1650.58,Paid,0
40502,30017,2025-09-24,1650.58,1650.58,Paid,0
40503,30017,2025-10-24,1650.58,1650.58,Paid,0
40504,30017,2025-11-24,1650.58,1650.58,Paid,0
40505,30017,2025-12-24,1650.58,1650.58,Paid,0
40506,30017,2026-01-21,1650.58,1650.58,Paid,0
40507,30017,2026-02-21,1650.58,1650.58,Paid,0
40508,30017,2026-03-26,1650.58,1650.58,Paid,0
40509,30017,2026-04-20,1650.58,1650.58,Paid,0
40510,30017,2026-05-21,1650.58,1247.9,Partial,58
40511,30018,2024-01-03,2118.5,2118.5,Paid,0
40512,30018,2024-02-05,2118.5,2118.5,Paid,0
40513,30018,2024-03-03,2118.5,2118.5,Paid,0
40514,30018,2024-03-31,2118.5,2118.5,Paid,0
40515,30018,2024-05-05,2118.5,2118.5,Paid,0
40516,30018,2024-05-31,2118.5,2118.5,Paid,0
40517,30018,2024-07-01,2118.5,2118.5,Paid,0
40518,30018,2024-08-02,2118.5,2118.5,Paid,0
40519,30018,2024-08-29,2118.5,2118.5,Paid,0
40520,30018,2024-10-02,2118.5,2118.5,Paid,0
40521,30018,2024-10-31,2118.5,1093.31,Partial,19
40522,30018,2024-11-27,2118.5,2118.5,Paid,0
40523,30018,2024-12-27,2118.5,2118.5,Paid,0
40524,30018,2025-01-29,2118.5,2118.5,Paid,0
40525,30018,2025-02-27,2118.5,2118.5,Paid,0
40526,30018,2025-03-26,2118.5,2118.5,Paid,0
40527,30018,2025-04-30,2118.5,2118.5,Paid,0
40528,30018,2025-05-30,2118.5,2118.5,Paid,0
40529,30018,2025-06-24,2118.5,2118.5,Paid,0
40530,30018,2025-07-29,2118.5,2118.5,Paid,0
40531,30018,2025-08-26,2118.5,2118.5,Paid,0
40532,30018,2025-09-27,2118.5,2118.5,Paid,0
40533,30018,2025-10-24,2118.5,2118.5,Paid,0
40534,30018,2025-11-25,2118.5,2118.5,Paid,0
40535,30018,2025-12-22,2118.5,2118.5,Paid,0
40536,30018,2026-01-23,2118.5,2118.5,Paid,0
40537,30018,2026-02-24,2118.5,2118.5,Paid,0
40538,30018,2026-03-22,2118.5,811.29,Partial,34
40539,30018,2026-04-23,2118.5,2118.5,Paid,0
40540,30018,2026-05-20,2118.5,2118.5,Paid,0
40541,30019,2024-01-03,380.52,380.52,Paid,0
40542,30019,2024-02-02,380.52,380.52,Paid,0
40543,30019,2024-03-05,380.52,380.52,Paid,0
40544,30019,2024-03-31,380.52,380.52,Paid,0
40545,30019,2024-05-03,380.52,262.15,Partial,4
40546,30019,2024-06-03,380.52,127.61,Partial,24
40547,30019,2024-07-02,380.52,380.52,Paid,0
40548,30019,2024-07-29,380.52,380.52,Paid,0
40549,30019,2024-09-01,380.52,0,Missed,42
40550,30019,2024-10-02,380.52,380.52,Paid,0
40551,30019,2024-10-30,380.52,380.52,Paid,0
40552,30019,2024-11-27,380.52,380.52,Paid,0
40553,30019,2024-12-28,380.52,151.28,Partial,37
40554,30019,2025-01-26,380.52,380.52,Paid,0
40555,30019,2025-02-25,380.52,380.52,Paid,0
40556,30019,2025-03-31,380.52,380.52,Paid,0
40557,30019,2025-04-26,380.52,380.52,Paid,0
40558,30019,2025-05-30,380.52,283.77,Partial,30
40559,30019,2025-06-25,380.52,380.52,Paid,0
40560,30019,2025-07-28,380.52,148.59,Partial,38
40561,30019,2025-08-27,380.52,103.13,Partial,23
40562,30019,2025-09-23,380.52,380.52,Paid,0
40563,30019,2025-10-24,380.52,170.63,Partial,29
40564,30019,2025-11-23,380.52,380.52,Paid,0
40565,30019,2025-12-26,380.52,138.61,Partial,52
40566,30019,2026-01-21,380.52,380.52,Paid,0
40567,30019,2026-02-20,380.52,380.52,Paid,0
40568,30019,2026-03-25,380.52,380.52,Paid,0
40569,30019,2026-04-24,380.52,380.52,Paid,0
40570,30019,2026-05-21,380.52,380.52,Paid,0
40571,30020,2024-01-02,51.4,51.4,Paid,0
40572,30020,2024-02-02,51.4,51.4,Paid,0
40573,30020,2024-03-04,51.4,51.4,Paid,0
40574,30020,2024-04-04,51.4,51.4,Paid,0
40575,30020,2024-05-05,51.4,51.4,Paid,0
40576,30020,2024-06-02,51.4,51.4,Paid,0
40577,30020,2024-06-30,51.4,51.4,Paid,0
40578,30020,2024-07-30,51.4,51.4,Paid,0
40579,30020,2024-08-28,51.4,39.58,Partial,17
40580,30020,2024-10-02,51.4,51.4,Paid,0
40581,30020,2024-10-28,51.4,51.4,Paid,0
40582,30020,2024-11-26,51.4,51.4,Paid,0
40583,30020,2024-12-29,51.4,51.4,Paid,0
40584,30020,2025-01-28,51.4,51.4,Paid,0
40585,30020,2025-02-27,51.4,23.47,Partial,52
40586,30020,2025-03-26,51.4,51.4,Paid,0
40587,30020,2025-04-28,51.4,51.4,Paid,0
40588,30020,2025-05-28,51.4,51.4,Paid,0
40589,30020,2025-06-29,51.4,51.4,Paid,0
40590,30020,2025-07-28,51.4,51.4,Paid,0
40591,30020,2025-08-28,51.4,51.4,Paid,0
40592,30020,2025-09-26,51.4,51.4,Paid,0
40593,30020,2025-10-25,51.4,51.4,Paid,0
40594,30020,2025-11-21,51.4,51.4,Paid,0
40595,30020,2025-12-22,51.4,51.4,Paid,0
40596,30020,2026-01-23,51.4,0,Missed,5
40597,30020,2026-02-23,51.4,51.4,Paid,0
40598,30020,2026-03-26,51.4,0,Missed,15
40599,30020,2026-04-22,51.4,51.4,Paid,0
40600,30020,2026-05-22,51.4,51.4,Paid,0
40601,30021,2024-01-03,149.71,149.71,Paid,0
40602,30021,2024-02-03,149.71,149.71,Paid,0
40603,30021,2024-03-01,149.71,149.71,Paid,0
40604,30021,2024-04-01,149.71,149.71,Paid,0
40605,30021,2024-05-05,149.71,149.71,Paid,0
40606,30021,2024-06-04,149.71,149.71,Paid,0
40607,30021,2024-06-30,149.71,149.71,Paid,0
40608,30021,2024-08-03,149.71,149.71,Paid,0
40609,30021,2024-08-31,149.71,149.71,Paid,0
40610,30021,2024-09-30,149.71,149.71,Paid,0
40611,30021,2024-10-30,149.71,149.71,Paid,0
40612,30021,2024-12-01,149.71,109.22,Partial,8
40613,30021,2024-12-28,149.71,149.71,Paid,0
40614,30021,2025-01-30,149.71,101.49,Partial,48
40615,30021,2025-03-01,149.71,149.71,Paid,0
40616,30021,2025-03-26,149.71,149.71,Paid,0
40617,30021,2025-04-30,149.71,149.71,Paid,0
40618,30021,2025-05-29,149.71,149.71,Paid,0
40619,30021,2025-06-29,149.71,149.71,Paid,0
40620,30021,2025-07-28,149.71,149.71,Paid,0
40621,30021,2025-08-24,149.71,149.71,Paid,0
40622,30021,2025-09-25,149.71,149.71,Paid,0
40623,30021,2025-10-23,149.71,80.74,Partial,45
40624,30021,2025-11-22,149.71,149.71,Paid,0
40625,30021,2025-12-22,149.71,149.71,Paid,0
40626,30021,2026-01-25,149.71,149.71,Paid,0
40627,30021,2026-02-21,149.71,149.71,Paid,0
40628,30021,2026-03-24,149.71,149.71,Paid,0
40629,30021,2026-04-21,149.71,149.71,Paid,0
40630,30021,2026-05-21,149.71,0,Missed,3
40631,30022,2024-01-05,2566.63,2566.63,Paid,0
40632,30022,2024-01-31,2566.63,2566.63,Paid,0
40633,30022,2024-03-04,2566.63,2566.63,Paid,0
40634,30022,2024-03-31,2566.63,2566.63,Paid,0
40635,30022,2024-05-03,2566.63,2566.63,Paid,0
40636,30022,2024-06-03,2566.63,2566.63,Paid,0
40637,30022,2024-07-02,2566.63,2566.63,Paid,0
40638,30022,2024-07-29,2566.63,2566.63,Paid,0
40639,30022,2024-08-28,2566.63,2566.63,Paid,0
40640,30022,2024-10-01,2566.63,2566.63,Paid,0
40641,30022,2024-11-01,2566.63,2566.63,Paid,0
40642,30022,2024-11-27,2566.63,2566.63,Paid,0
40643,30022,2024-12-27,2566.63,2566.63,Paid,0
40644,30022,2025-01-27,2566.63,2566.63,Paid,0
40645,30022,2025-02-24,2566.63,2566.63,Paid,0
40646,30022,2025-03-30,2566.63,2566.63,Paid,0
40647,30022,2025-04-25,2566.63,2566.63,Paid,0
40648,30022,2025-05-28,2566.63,0,Missed,13
40649,30022,2025-06-29,2566.63,2566.63,Paid,0
40650,30022,2025-07-29,2566.63,2566.63,Paid,0
40651,30022,2025-08-27,2566.63,2566.63,Paid,0
40652,30022,2025-09-26,2566.63,2566.63,Paid,0
40653,30022,2025-10-25,2566.63,2566.63,Paid,0
40654,30022,2025-11-23,2566.63,656.74,Partial,22
40655,30022,2025-12-23,2566.63,2566.63,Paid,0
40656,30022,2026-01-23,2566.63,2566.63,Paid,0
40657,30022,2026-02-22,2566.63,2566.63,Paid,0
40658,30022,2026-03-21,2566.63,2566.63,Paid,0
40659,30022,2026-04-21,2566.63,2566.63,Paid,0
40660,30022,2026-05-22,2566.63,2566.63,Paid,0
40661,30023,2024-01-04,2680.5,2680.5,Paid,0
40662,30023,2024-02-05,2680.5,2680.5,Paid,0
40663,30023,2024-03-01,2680.5,2680.5,Paid,0
40664,30023,2024-04-05,2680.5,0,Missed,36
40665,30023,2024-04-30,2680.5,2680.5,Paid,0
40666,30023,2024-06-04,2680.5,2680.5,Paid,0
40667,30023,2024-07-04,2680.5,2680.5,Paid,0
40668,30023,2024-08-02,2680.5,2680.5,Paid,0
40669,30023,2024-08-30,2680.5,2680.5,Paid,0
40670,30023,2024-10-01,2680.5,2680.5,Paid,0
40671,30023,2024-10-28,2680.5,2680.5,Paid,0
40672,30023,2024-11-29,2680.5,2680.5,Paid,0
40673,30023,2024-12-31,2680.5,2680.5,Paid,0
40674,30023,2025-01-26,2680.5,910.39,Partial,21
40675,30023,2025-02-25,2680.5,2680.5,Paid,0
40676,30023,2025-03-26,2680.5,2680.5,Paid,0
40677,30023,2025-04-25,2680.5,2680.5,Paid,0
40678,30023,2025-05-26,2680.5,2680.5,Paid,0
40679,30023,2025-06-27,2680.5,2680.5,Paid,0
40680,30023,2025-07-26,2680.5,2680.5,Paid,0
40681,30023,2025-08-28,2680.5,2680.5,Paid,0
40682,30023,2025-09-27,2680.5,2680.5,Paid,0
40683,30023,2025-10-24,2680.5,2680.5,Paid,0
40684,30023,2025-11-21,2680.5,2680.5,Paid,0
40685,30023,2025-12-25,2680.5,2680.5,Paid,0
40686,30023,2026-01-20,2680.5,2680.5,Paid,0
40687,30023,2026-02-21,2680.5,2680.5,Paid,0
40688,30023,2026-03-26,2680.5,2680.5,Paid,0
40689,30023,2026-04-20,2680.5,2680.5,Paid,0
40690,30023,2026-05-21,2680.5,2680.5,Paid,0
40691,30024,2024-01-03,3154.91,1537.91,Partial,33
40692,30024,2024-01-31,3154.91,3154.91,Paid,0
40693,30024,2024-03-04,3154.91,3154.91,Paid,0
40694,30024,2024-04-03,3154.91,1647.43,Partial,24
40695,30024,2024-05-03,3154.91,3154.91,Paid,0
40696,30024,2024-06-02,3154.91,737.03,Partial,36
40697,30024,2024-07-01,3154.91,3154.91,Paid,0
40698,30024,2024-08-03,3154.91,3154.91,Paid,0
40699,30024,2024-09-01,3154.91,3154.91,Paid,0
40700,30024,2024-10-01,3154.91,3154.91,Paid,0
40701,30024,2024-10-29,3154.91,3154.91,Paid,0
40702,30024,2024-11-27,3154.91,3154.91,Paid,0
40703,30024,2024-12-26,3154.91,3154.91,Paid,0
40704,30024,2025-01-28,3154.91,3154.91,Paid,0
40705,30024,2025-02-25,3154.91,3154.91,Paid,0
40706,30024,2025-03-29,3154.91,3154.91,Paid,0
40707,30024,2025-04-25,3154.91,3154.91,Paid,0
40708,30024,2025-05-27,3154.91,3154.91,Paid,0
40709,30024,2025-06-26,3154.91,3154.91,Paid,0
40710,30024,2025-07-26,3154.91,3154.91,Paid,0
40711,30024,2025-08-26,3154.91,3154.91,Paid,0
40712,30024,2025-09-24,3154.91,3154.91,Paid,0
40713,30024,2025-10-24,3154.91,3154.91,Paid,0
40714,30024,2025-11-23,3154.91,3154.91,Paid,0
40715,30024,2025-12-23,3154.91,3154.91,Paid,0
40716,30024,2026-01-21,3154.91,1471.02,Partial,4
40717,30024,2026-02-22,3154.91,922.64,Partial,24
40718,30024,2026-03-24,3154.91,3154.91,Paid,0
40719,30024,2026-04-24,3154.91,3154.91,Paid,0
40720,30024,2026-05-22,3154.91,3154.91,Paid,0
40721,30025,2024-01-01,2899.54,2899.54,Paid,0
40722,30025,2024-02-04,2899.54,2899.54,Paid,0
40723,30025,2024-03-02,2899.54,2899.54,Paid,0
40724,30025,2024-03-31,2899.54,2899.54,Paid,0
40725,30025,2024-05-05,2899.54,2899.54,Paid,0
40726,30025,2024-05-30,2899.54,2899.54,Paid,0
40727,30025,2024-06-29,2899.54,2899.54,Paid,0
40728,30025,2024-08-02,2899.54,2899.54,Paid,0
40729,30025,2024-08-30,2899.54,2899.54,Paid,0
40730,30025,2024-09-27,2899.54,2899.54,Paid,0
40731,30025,2024-11-01,2899.54,2899.54,Paid,0
40732,30025,2024-11-26,2899.54,2899.54,Paid,0
40733,30025,2024-12-28,2899.54,2899.54,Paid,0
40734,30025,2025-01-26,2899.54,2899.54,Paid,0
40735,30025,2025-02-25,2899.54,2899.54,Paid,0
40736,30025,2025-03-30,2899.54,2899.54,Paid,0
40737,30025,2025-04-28,2899.54,2899.54,Paid,0
40738,30025,2025-05-27,2899.54,2899.54,Paid,0
40739,30025,2025-06-26,2899.54,2899.54,Paid,0
40740,30025,2025-07-28,2899.54,2899.54,Paid,0
40741,30025,2025-08-23,2899.54,2899.54,Paid,0
40742,30025,2025-09-24,2899.54,2899.54,Paid,0
40743,30025,2025-10-24,2899.54,2899.54,Paid,0
40744,30025,2025-11-26,2899.54,2899.54,Paid,0
40745,30025,2025-12-25,2899.54,2899.54,Paid,0
40746,30025,2026-01-20,2899.54,2899.54,Paid,0
40747,30025,2026-02-21,2899.54,2899.54,Paid,0
40748,30025,2026-03-21,2899.54,2899.54,Paid,0
40749,30025,2026-04-23,2899.54,667.69,Partial,27
40750,30025,2026-05-20,2899.54,2899.54,Paid,0
40751,30026,2024-01-04,789.25,789.25,Paid,0
40752,30026,2024-02-04,789.25,455.94,Partial,47
40753,30026,2024-03-06,789.25,789.25,Paid,0
40754,30026,2024-04-02,789.25,789.25,Paid,0
40755,30026,2024-05-01,789.25,789.25,Paid,0
40756,30026,2024-06-04,789.25,789.25,Paid,0
40757,30026,2024-06-29,789.25,0,Missed,51
40758,30026,2024-08-01,789.25,789.25,Paid,0
40759,30026,2024-08-28,789.25,789.25,Paid,0
40760,30026,2024-10-02,789.25,789.25,Paid,0
40761,30026,2024-10-30,789.25,789.25,Paid,0
40762,30026,2024-12-01,789.25,789.25,Paid,0
40763,30026,2024-12-29,789.25,789.25,Paid,0
40764,30026,2025-01-26,789.25,789.25,Paid,0
40765,30026,2025-02-28,789.25,789.25,Paid,0
40766,30026,2025-03-28,789.25,789.25,Paid,0
40767,30026,2025-04-30,789.25,314.28,Partial,58
40768,30026,2025-05-27,789.25,789.25,Paid,0
40769,30026,2025-06-24,789.25,789.25,Paid,0
40770,30026,2025-07-24,789.25,789.25,Paid,0
40771,30026,2025-08-26,789.25,789.25,Paid,0
40772,30026,2025-09-24,789.25,789.25,Paid,0
40773,30026,2025-10-26,789.25,789.25,Paid,0
40774,30026,2025-11-25,789.25,789.25,Paid,0
40775,30026,2025-12-26,789.25,789.25,Paid,0
40776,30026,2026-01-22,789.25,789.25,Paid,0
40777,30026,2026-02-19,789.25,789.25,Paid,0
40778,30026,2026-03-25,789.25,789.25,Paid,0
40779,30026,2026-04-24,789.25,789.25,Paid,0
40780,30026,2026-05-24,789.25,789.25,Paid,0
40781,30027,2024-01-02,1027.78,0,Missed,27
40782,30027,2024-01-31,1027.78,1027.78,Paid,0
40783,30027,2024-03-06,1027.78,1027.78,Paid,0
40784,30027,2024-04-03,1027.78,1027.78,Paid,0
40785,30027,2024-05-02,1027.78,1027.78,Paid,0
40786,30027,2024-05-31,1027.78,1027.78,Paid,0
40787,30027,2024-07-04,1027.78,1027.78,Paid,0
40788,30027,2024-08-03,1027.78,1027.78,Paid,0
40789,30027,2024-08-31,1027.78,1027.78,Paid,0
40790,30027,2024-10-01,1027.78,1027.78,Paid,0
40791,30027,2024-10-31,1027.78,1027.78,Paid,0
40792,30027,2024-11-29,1027.78,1027.78,Paid,0
40793,30027,2024-12-29,1027.78,1027.78,Paid,0
40794,30027,2025-01-25,1027.78,1027.78,Paid,0
40795,30027,2025-02-28,1027.78,1027.78,Paid,0
40796,30027,2025-03-29,1027.78,1027.78,Paid,0
40797,30027,2025-04-30,1027.78,1027.78,Paid,0
40798,30027,2025-05-25,1027.78,1027.78,Paid,0
40799,30027,2025-06-25,1027.78,762.57,Partial,43
40800,30027,2025-07-24,1027.78,1027.78,Paid,0
40801,30027,2025-08-28,1027.78,1027.78,Paid,0
40802,30027,2025-09-26,1027.78,1027.78,Paid,0
40803,30027,2025-10-26,1027.78,1027.78,Paid,0
40804,30027,2025-11-22,1027.78,1027.78,Paid,0
40805,30027,2025-12-23,1027.78,1027.78,Paid,0
40806,30027,2026-01-25,1027.78,1027.78,Paid,0
40807,30027,2026-02-22,1027.78,1027.78,Paid,0
40808,30027,2026-03-23,1027.78,0,Missed,40
40809,30027,2026-04-20,1027.78,1027.78,Paid,0
40810,30027,2026-05-24,1027.78,1027.78,Paid,0
40811,30028,2024-01-02,2660.37,2660.37,Paid,0
40812,30028,2024-01-31,2660.37,2660.37,Paid,0
40813,30028,2024-03-05,2660.37,0,Missed,3
40814,30028,2024-04-05,2660.37,2660.37,Paid,0
40815,30028,2024-05-02,2660.37,2660.37,Paid,0
40816,30028,2024-06-01,2660.37,2660.37,Paid,0
40817,30028,2024-06-30,2660.37,2660.37,Paid,0
40818,30028,2024-08-02,2660.37,2660.37,Paid,0
40819,30028,2024-08-30,2660.37,2660.37,Paid,0
40820,30028,2024-09-30,2660.37,2660.37,Paid,0
40821,30028,2024-10-31,2660.37,2660.37,Paid,0
40822,30028,2024-11-27,2660.37,2660.37,Paid,0
40823,30028,2024-12-27,2660.37,2660.37,Paid,0
40824,30028,2025-01-27,2660.37,2660.37,Paid,0
40825,30028,2025-02-25,2660.37,2660.37,Paid,0
40826,30028,2025-03-31,2660.37,2660.37,Paid,0
40827,30028,2025-04-25,2660.37,2660.37,Paid,0
40828,30028,2025-05-25,2660.37,2660.37,Paid,0
40829,30028,2025-06-27,2660.37,2660.37,Paid,0
40830,30028,2025-07-25,2660.37,2660.37,Paid,0
40831,30028,2025-08-28,2660.37,2660.37,Paid,0
40832,30028,2025-09-25,2660.37,1642.07,Partial,62
40833,30028,2025-10-25,2660.37,2660.37,Paid,0
40834,30028,2025-11-24,2660.37,2660.37,Paid,0
40835,30028,2025-12-25,2660.37,2660.37,Paid,0
40836,30028,2026-01-23,2660.37,2660.37,Paid,0
40837,30028,2026-02-20,2660.37,2660.37,Paid,0
40838,30028,2026-03-21,2660.37,2660.37,Paid,0
40839,30028,2026-04-25,2660.37,2660.37,Paid,0
40840,30028,2026-05-24,2660.37,2660.37,Paid,0
40841,30029,2024-01-05,543.55,543.55,Paid,0
40842,30029,2024-01-31,543.55,0,Missed,39
40843,30029,2024-03-04,543.55,543.55,Paid,0
40844,30029,2024-03-31,543.55,543.55,Paid,0
40845,30029,2024-05-05,543.55,543.55,Paid,0
40846,30029,2024-06-04,543.55,543.55,Paid,0
40847,30029,2024-07-01,543.55,543.55,Paid,0
40848,30029,2024-07-29,543.55,543.55,Paid,0
40849,30029,2024-09-01,543.55,543.55,Paid,0
40850,30029,2024-09-30,543.55,543.55,Paid,0
40851,30029,2024-11-01,543.55,0,Missed,7
40852,30029,2024-12-01,543.55,543.55,Paid,0
40853,30029,2024-12-30,543.55,543.55,Paid,0
40854,30029,2025-01-25,543.55,283.2,Partial,3
40855,30029,2025-02-27,543.55,543.55,Paid,0
40856,30029,2025-03-29,543.55,543.55,Paid,0
40857,30029,2025-04-27,543.55,543.55,Paid,0
40858,30029,2025-05-27,543.55,543.55,Paid,0
40859,30029,2025-06-24,543.55,543.55,Paid,0
40860,30029,2025-07-28,543.55,543.55,Paid,0
40861,30029,2025-08-28,543.55,543.55,Paid,0
40862,30029,2025-09-24,543.55,543.55,Paid,0
40863,30029,2025-10-25,543.55,543.55,Paid,0
40864,30029,2025-11-25,543.55,543.55,Paid,0
40865,30029,2025-12-23,543.55,543.55,Paid,0
40866,30029,2026-01-24,543.55,543.55,Paid,0
40867,30029,2026-02-22,543.55,543.55,Paid,0
40868,30029,2026-03-25,543.55,543.55,Paid,0
40869,30029,2026-04-22,543.55,543.55,Paid,0
40870,30029,2026-05-24,543.55,543.55,Paid,0
40871,30030,2024-01-03,1903.89,1903.89,Paid,0
40872,30030,2024-01-31,1903.89,1903.89,Paid,0
40873,30030,2024-03-05,1903.89,1903.89,Paid,0
40874,30030,2024-04-05,1903.89,1903.89,Paid,0
40875,30030,2024-05-01,1903.89,1903.89,Paid,0
40876,30030,2024-06-04,1903.89,1903.89,Paid,0
40877,30030,2024-06-30,1903.89,1903.89,Paid,0
40878,30030,2024-07-29,1903.89,1903.89,Paid,0
40879,30030,2024-08-28,1903.89,0,Missed,41
40880,30030,2024-09-28,1903.89,1903.89,Paid,0
40881,30030,2024-10-30,1903.89,1903.89,Paid,0
40882,30030,2024-11-27,1903.89,1903.89,Paid,0
40883,30030,2024-12-31,1903.89,1903.89,Paid,0
40884,30030,2025-01-26,1903.89,1903.89,Paid,0
40885,30030,2025-02-26,1903.89,1903.89,Paid,0
40886,30030,2025-03-28,1903.89,1903.89,Paid,0
40887,30030,2025-04-25,1903.89,1903.89,Paid,0
40888,30030,2025-05-28,1903.89,1903.89,Paid,0
40889,30030,2025-06-26,1903.89,1903.89,Paid,0
40890,30030,2025-07-28,1903.89,1903.89,Paid,0
40891,30030,2025-08-28,1903.89,1903.89,Paid,0
40892,30030,2025-09-25,1903.89,1903.89,Paid,0
40893,30030,2025-10-26,1903.89,1903.89,Paid,0
40894,30030,2025-11-21,1903.89,1903.89,Paid,0
40895,30030,2025-12-24,1903.89,1903.89,Paid,0
40896,30030,2026-01-22,1903.89,0,Missed,46
40897,30030,2026-02-19,1903.89,1903.89,Paid,0
40898,30030,2026-03-25,1903.89,1903.89,Paid,0
40899,30030,2026-04-23,1903.89,1903.89,Paid,0
40900,30030,2026-05-25,1903.89,1903.89,Paid,0
40901,30031,2024-01-03,2624.23,2624.23,Paid,0
40902,30031,2024-01-31,2624.23,2624.23,Paid,0
40903,30031,2024-03-05,2624.23,2624.23,Paid,0
40904,30031,2024-04-05,2624.23,2624.23,Paid,0
40905,30031,2024-05-05,2624.23,2624.23,Paid,0
40906,30031,2024-05-31,2624.23,2624.23,Paid,0
40907,30031,2024-07-04,2624.23,2624.23,Paid,0
40908,30031,2024-07-30,2624.23,2624.23,Paid,0
40909,30031,2024-08-28,2624.23,2624.23,Paid,0
40910,30031,2024-09-27,2624.23,2624.23,Paid,0
40911,30031,2024-10-27,2624.23,2624.23,Paid,0
40912,30031,2024-12-01,2624.23,2624.23,Paid,0
40913,30031,2024-12-27,2624.23,2624.23,Paid,0
40914,30031,2025-01-27,2624.23,2624.23,Paid,0
40915,30031,2025-02-24,2624.23,2624.23,Paid,0
40916,30031,2025-03-26,2624.23,1558.7,Partial,56
40917,30031,2025-04-26,2624.23,0,Missed,43
40918,30031,2025-05-25,2624.23,2624.23,Paid,0
40919,30031,2025-06-24,2624.23,2624.23,Paid,0
40920,30031,2025-07-28,2624.23,2624.23,Paid,0
40921,30031,2025-08-28,2624.23,2624.23,Paid,0
40922,30031,2025-09-27,2624.23,2624.23,Paid,0
40923,30031,2025-10-23,2624.23,1620.18,Partial,19
40924,30031,2025-11-23,2624.23,2624.23,Paid,0
40925,30031,2025-12-21,2624.23,2624.23,Paid,0
40926,30031,2026-01-22,2624.23,2624.23,Paid,0
40927,30031,2026-02-24,2624.23,1737.05,Partial,23
40928,30031,2026-03-23,2624.23,2624.23,Paid,0
40929,30031,2026-04-20,2624.23,2624.23,Paid,0
40930,30031,2026-05-20,2624.23,2624.23,Paid,0
40931,30032,2024-01-03,2809.54,0,Missed,19
40932,30032,2024-02-02,2809.54,2809.54,Paid,0
40933,30032,2024-03-01,2809.54,2809.54,Paid,0
40934,30032,2024-04-01,2809.54,2809.54,Paid,0
40935,30032,2024-05-01,2809.54,2809.54,Paid,0
40936,30032,2024-05-30,2809.54,2809.54,Paid,0
40937,30032,2024-07-02,2809.54,2809.54,Paid,0
40938,30032,2024-08-03,2809.54,2809.54,Paid,0
40939,30032,2024-08-31,2809.54,2809.54,Paid,0
40940,30032,2024-09-27,2809.54,2809.54,Paid,0
40941,30032,2024-10-27,2809.54,2809.54,Paid,0
40942,30032,2024-11-28,2809.54,2809.54,Paid,0
40943,30032,2024-12-26,2809.54,812.84,Partial,43
40944,30032,2025-01-25,2809.54,1682.25,Partial,20
40945,30032,2025-02-25,2809.54,2809.54,Paid,0
40946,30032,2025-03-29,2809.54,2809.54,Paid,0
40947,30032,2025-04-29,2809.54,2809.54,Paid,0
40948,30032,2025-05-28,2809.54,2809.54,Paid,0
40949,30032,2025-06-27,2809.54,2809.54,Paid,0
40950,30032,2025-07-24,2809.54,2809.54,Paid,0
40951,30032,2025-08-23,2809.54,2809.54,Paid,0
40952,30032,2025-09-27,2809.54,2809.54,Paid,0
40953,30032,2025-10-25,2809.54,2809.54,Paid,0
40954,30032,2025-11-25,2809.54,1166.95,Partial,46
40955,30032,2025-12-23,2809.54,2809.54,Paid,0
40956,30032,2026-01-25,2809.54,0,Missed,44
40957,30032,2026-02-19,2809.54,2809.54,Paid,0
40958,30032,2026-03-23,2809.54,2809.54,Paid,0
40959,30032,2026-04-23,2809.54,2809.54,Paid,0
40960,30032,2026-05-22,2809.54,2809.54,Paid,0
40961,30033,2024-01-02,1773.13,1773.13,Paid,0
40962,30033,2024-02-03,1773.13,1773.13,Paid,0
40963,30033,2024-03-03,1773.13,1773.13,Paid,0
40964,30033,2024-03-31,1773.13,1773.13,Paid,0
40965,30033,2024-05-02,1773.13,1773.13,Paid,0
40966,30033,2024-06-04,1773.13,1773.13,Paid,0
40967,30033,2024-06-30,1773.13,1773.13,Paid,0
40968,30033,2024-07-30,1773.13,1773.13,Paid,0
40969,30033,2024-09-01,1773.13,1773.13,Paid,0
40970,30033,2024-09-30,1773.13,1773.13,Paid,0
40971,30033,2024-10-31,1773.13,1773.13,Paid,0
40972,30033,2024-11-29,1773.13,1773.13,Paid,0
40973,30033,2024-12-29,1773.13,0,Missed,4
40974,30033,2025-01-25,1773.13,1773.13,Paid,0
40975,30033,2025-02-26,1773.13,1773.13,Paid,0
40976,30033,2025-03-26,1773.13,1773.13,Paid,0
40977,30033,2025-04-26,1773.13,1773.13,Paid,0
40978,30033,2025-05-30,1773.13,1773.13,Paid,0
40979,30033,2025-06-29,1773.13,1773.13,Paid,0
40980,30033,2025-07-28,1773.13,1773.13,Paid,0
40981,30033,2025-08-27,1773.13,1773.13,Paid,0
40982,30033,2025-09-22,1773.13,1773.13,Paid,0
40983,30033,2025-10-23,1773.13,1773.13,Paid,0
40984,30033,2025-11-21,1773.13,1773.13,Paid,0
40985,30033,2025-12-25,1773.13,1773.13,Paid,0
40986,30033,2026-01-25,1773.13,1773.13,Paid,0
40987,30033,2026-02-19,1773.13,1773.13,Paid,0
40988,30033,2026-03-21,1773.13,1227.79,Partial,9
40989,30033,2026-04-23,1773.13,1773.13,Paid,0
40990,30033,2026-05-24,1773.13,1773.13,Paid,0
40991,30034,2024-01-01,3878.18,3878.18,Paid,0
40992,30034,2024-02-04,3878.18,3878.18,Paid,0
40993,30034,2024-03-02,3878.18,3878.18,Paid,0
40994,30034,2024-04-01,3878.18,3878.18,Paid,0
40995,30034,2024-05-05,3878.18,3878.18,Paid,0
40996,30034,2024-06-01,3878.18,3878.18,Paid,0
40997,30034,2024-07-04,3878.18,3878.18,Paid,0
40998,30034,2024-07-30,3878.18,3878.18,Paid,0
40999,30034,2024-08-29,3878.18,3878.18,Paid,0
41000,30034,2024-10-01,3878.18,3878.18,Paid,0
41001,30034,2024-10-27,3878.18,3878.18,Paid,0
41002,30034,2024-11-27,3878.18,3878.18,Paid,0
41003,30034,2024-12-27,3878.18,3878.18,Paid,0
41004,30034,2025-01-29,3878.18,3878.18,Paid,0
41005,30034,2025-02-25,3878.18,870.34,Partial,9
41006,30034,2025-03-31,3878.18,3878.18,Paid,0
41007,30034,2025-04-26,3878.18,3878.18,Paid,0
41008,30034,2025-05-28,3878.18,3878.18,Paid,0
41009,30034,2025-06-24,3878.18,3878.18,Paid,0
41010,30034,2025-07-24,3878.18,3878.18,Paid,0
41011,30034,2025-08-27,3878.18,1744.15,Partial,54
41012,30034,2025-09-25,3878.18,3878.18,Paid,0
41013,30034,2025-10-23,3878.18,3878.18,Paid,0
41014,30034,2025-11-23,3878.18,3878.18,Paid,0
41015,30034,2025-12-24,3878.18,3878.18,Paid,0
41016,30034,2026-01-21,3878.18,3878.18,Paid,0
41017,30034,2026-02-19,3878.18,3878.18,Paid,0
41018,30034,2026-03-26,3878.18,3878.18,Paid,0
41019,30034,2026-04-20,3878.18,3878.18,Paid,0
41020,30034,2026-05-22,3878.18,3878.18,Paid,0
41021,30035,2024-01-01,178.41,178.41,Paid,0
41022,30035,2024-02-01,178.41,178.41,Paid,0
41023,30035,2024-03-05,178.41,0,Missed,42
41024,30035,2024-04-02,178.41,178.41,Paid,0
41025,30035,2024-05-04,178.41,178.41,Paid,0
41026,30035,2024-06-02,178.41,178.41,Paid,0
41027,30035,2024-07-04,178.41,178.41,Paid,0
41028,30035,2024-07-29,178.41,178.41,Paid,0
41029,30035,2024-08-29,178.41,178.41,Paid,0
41030,30035,2024-09-30,178.41,178.41,Paid,0
41031,30035,2024-10-28,178.41,178.41,Paid,0
41032,30035,2024-11-26,178.41,178.41,Paid,0
41033,30035,2024-12-28,178.41,178.41,Paid,0
41034,30035,2025-01-28,178.41,178.41,Paid,0
41035,30035,2025-02-28,178.41,178.41,Paid,0
41036,30035,2025-03-29,178.41,178.41,Paid,0
41037,30035,2025-04-30,178.41,178.41,Paid,0
41038,30035,2025-05-29,178.41,178.41,Paid,0
41039,30035,2025-06-24,178.41,178.41,Paid,0
41040,30035,2025-07-24,178.41,178.41,Paid,0
41041,30035,2025-08-24,178.41,178.41,Paid,0
41042,30035,2025-09-26,178.41,178.41,Paid,0
41043,30035,2025-10-25,178.41,178.41,Paid,0
41044,30035,2025-11-26,178.41,60.31,Partial,10
41045,30035,2025-12-23,178.41,178.41,Paid,0
41046,30035,2026-01-21,178.41,178.41,Paid,0
41047,30035,2026-02-20,178.41,178.41,Paid,0
41048,30035,2026-03-22,178.41,178.41,Paid,0
41049,30035,2026-04-24,178.41,178.41,Paid,0
41050,30035,2026-05-23,178.41,178.41,Paid,0
41051,30036,2024-01-05,1170.05,1170.05,Paid,0
41052,30036,2024-02-03,1170.05,1170.05,Paid,0
41053,30036,2024-03-04,1170.05,1170.05,Paid,0
41054,30036,2024-04-05,1170.05,1170.05,Paid,0
41055,30036,2024-05-02,1170.05,1170.05,Paid,0
41056,30036,2024-05-31,1170.05,1170.05,Paid,0
41057,30036,2024-07-03,1170.05,1170.05,Paid,0
41058,30036,2024-07-30,1170.05,1170.05,Paid,0
41059,30036,2024-08-31,1170.05,1170.05,Paid,0
41060,30036,2024-09-28,1170.05,1170.05,Paid,0
41061,30036,2024-10-28,1170.05,657.78,Partial,53
41062,30036,2024-12-01,1170.05,0,Missed,60
41063,30036,2024-12-27,1170.05,1170.05,Paid,0
41064,30036,2025-01-29,1170.05,1170.05,Paid,0
41065,30036,2025-02-24,1170.05,1170.05,Paid,0
41066,30036,2025-03-30,1170.05,1170.05,Paid,0
41067,30036,2025-04-26,1170.05,1170.05,Paid,0
41068,30036,2025-05-28,1170.05,1170.05,Paid,0
41069,30036,2025-06-29,1170.05,1170.05,Paid,0
41070,30036,2025-07-25,1170.05,1170.05,Paid,0
41071,30036,2025-08-26,1170.05,1170.05,Paid,0
41072,30036,2025-09-26,1170.05,875.49,Partial,60
41073,30036,2025-10-22,1170.05,1170.05,Paid,0
41074,30036,2025-11-21,1170.05,1170.05,Paid,0
41075,30036,2025-12-24,1170.05,1170.05,Paid,0
41076,30036,2026-01-24,1170.05,1170.05,Paid,0
41077,30036,2026-02-23,1170.05,1170.05,Paid,0
41078,30036,2026-03-26,1170.05,1170.05,Paid,0
41079,30036,2026-04-23,1170.05,1170.05,Paid,0
41080,30036,2026-05-20,1170.05,1170.05,Paid,0
41081,30037,2024-01-01,918.35,918.35,Paid,0
41082,30037,2024-02-03,918.35,256.8,Partial,21
41083,30037,2024-03-02,918.35,918.35,Paid,0
41084,30037,2024-03-31,918.35,918.35,Paid,0
41085,30037,2024-05-05,918.35,918.35,Paid,0
41086,30037,2024-06-04,918.35,918.35,Paid,0
41087,30037,2024-07-03,918.35,918.35,Paid,0
41088,30037,2024-07-29,918.35,0,Missed,32
41089,30037,2024-08-29,918.35,918.35,Paid,0
41090,30037,2024-09-30,918.35,918.35,Paid,0
41091,30037,2024-10-29,918.35,918.35,Paid,0
41092,30037,2024-12-01,918.35,918.35,Paid,0
41093,30037,2024-12-31,918.35,918.35,Paid,0
41094,30037,2025-01-30,918.35,918.35,Paid,0
41095,30037,2025-02-24,918.35,918.35,Paid,0
41096,30037,2025-03-28,918.35,918.35,Paid,0
41097,30037,2025-04-29,918.35,918.35,Paid,0
41098,30037,2025-05-26,918.35,918.35,Paid,0
41099,30037,2025-06-24,918.35,918.35,Paid,0
41100,30037,2025-07-26,918.35,918.35,Paid,0
41101,30037,2025-08-23,918.35,918.35,Paid,0
41102,30037,2025-09-27,918.35,918.35,Paid,0
41103,30037,2025-10-22,918.35,918.35,Paid,0
41104,30037,2025-11-23,918.35,918.35,Paid,0
41105,30037,2025-12-21,918.35,918.35,Paid,0
41106,30037,2026-01-21,918.35,918.35,Paid,0
41107,30037,2026-02-24,918.35,918.35,Paid,0
41108,30037,2026-03-26,918.35,918.35,Paid,0
41109,30037,2026-04-21,918.35,0,Missed,18
41110,30037,2026-05-24,918.35,918.35,Paid,0
41111,30038,2024-01-04,540.8,540.8,Paid,0
41112,30038,2024-02-04,540.8,540.8,Paid,0
41113,30038,2024-03-06,540.8,540.8,Paid,0
41114,30038,2024-04-05,540.8,540.8,Paid,0
41115,30038,2024-05-02,540.8,540.8,Paid,0
41116,30038,2024-06-01,540.8,540.8,Paid,0
41117,30038,2024-07-02,540.8,540.8,Paid,0
41118,30038,2024-07-29,540.8,540.8,Paid,0
41119,30038,2024-08-31,540.8,540.8,Paid,0
41120,30038,2024-10-01,540.8,540.8,Paid,0
41121,30038,2024-10-30,540.8,540.8,Paid,0
41122,30038,2024-12-01,540.8,540.8,Paid,0
41123,30038,2024-12-28,540.8,540.8,Paid,0
41124,30038,2025-01-27,540.8,540.8,Paid,0
41125,30038,2025-03-01,540.8,540.8,Paid,0
41126,30038,2025-03-26,540.8,540.8,Paid,0
41127,30038,2025-04-28,540.8,540.8,Paid,0
41128,30038,2025-05-28,540.8,201.73,Partial,64
41129,30038,2025-06-24,540.8,540.8,Paid,0
41130,30038,2025-07-26,540.8,540.8,Paid,0
41131,30038,2025-08-24,540.8,540.8,Paid,0
41132,30038,2025-09-23,540.8,540.8,Paid,0
41133,30038,2025-10-27,540.8,540.8,Paid,0
41134,30038,2025-11-24,540.8,0,Missed,37
41135,30038,2025-12-22,540.8,540.8,Paid,0
41136,30038,2026-01-23,540.8,540.8,Paid,0
41137,30038,2026-02-24,540.8,540.8,Paid,0
41138,30038,2026-03-22,540.8,540.8,Paid,0
41139,30038,2026-04-21,540.8,540.8,Paid,0
41140,30038,2026-05-24,540.8,540.8,Paid,0
41141,30039,2024-01-04,1163.96,1163.96,Paid,0
41142,30039,2024-02-05,1163.96,1163.96,Paid,0
41143,30039,2024-03-03,1163.96,1163.96,Paid,0
41144,30039,2024-04-05,1163.96,1163.96,Paid,0
41145,30039,2024-05-04,1163.96,1163.96,Paid,0
41146,30039,2024-06-01,1163.96,1163.96,Paid,0
41147,30039,2024-07-01,1163.96,1163.96,Paid,0
41148,30039,2024-07-31,1163.96,1163.96,Paid,0
41149,30039,2024-08-30,1163.96,0,Missed,52
41150,30039,2024-09-27,1163.96,1163.96,Paid,0
41151,30039,2024-10-29,1163.96,1163.96,Paid,0
41152,30039,2024-11-27,1163.96,1163.96,Paid,0
41153,30039,2024-12-27,1163.96,1163.96,Paid,0
41154,30039,2025-01-27,1163.96,1163.96,Paid,0
41155,30039,2025-02-25,1163.96,1163.96,Paid,0
41156,30039,2025-03-31,1163.96,787.62,Partial,13
41157,30039,2025-04-26,1163.96,1163.96,Paid,0
41158,30039,2025-05-27,1163.96,1163.96,Paid,0
41159,30039,2025-06-27,1163.96,1163.96,Paid,0
41160,30039,2025-07-25,1163.96,1163.96,Paid,0
41161,30039,2025-08-28,1163.96,1163.96,Paid,0
41162,30039,2025-09-24,1163.96,0,Missed,12
41163,30039,2025-10-24,1163.96,1163.96,Paid,0
41164,30039,2025-11-22,1163.96,1163.96,Paid,0
41165,30039,2025-12-21,1163.96,515.33,Partial,34
41166,30039,2026-01-21,1163.96,880.75,Partial,12
41167,30039,2026-02-19,1163.96,0,Missed,37
41168,30039,2026-03-25,1163.96,1163.96,Paid,0
41169,30039,2026-04-25,1163.96,1163.96,Paid,0
41170,30039,2026-05-22,1163.96,0,Missed,51
41171,30040,2024-01-05,1630.02,1630.02,Paid,0
41172,30040,2024-02-04,1630.02,1630.02,Paid,0
41173,30040,2024-03-04,1630.02,1630.02,Paid,0
41174,30040,2024-03-31,1630.02,1630.02,Paid,0
41175,30040,2024-04-30,1630.02,1630.02,Paid,0
41176,30040,2024-06-03,1630.02,1630.02,Paid,0
41177,30040,2024-06-29,1630.02,1630.02,Paid,0
41178,30040,2024-07-30,1630.02,1630.02,Paid,0
41179,30040,2024-08-28,1630.02,1630.02,Paid,0
41180,30040,2024-10-01,1630.02,1630.02,Paid,0
41181,30040,2024-10-31,1630.02,1630.02,Paid,0
41182,30040,2024-11-28,1630.02,1630.02,Paid,0
41183,30040,2024-12-26,1630.02,1630.02,Paid,0
41184,30040,2025-01-28,1630.02,1630.02,Paid,0
41185,30040,2025-02-24,1630.02,0,Missed,28
41186,30040,2025-03-27,1630.02,1630.02,Paid,0
41187,30040,2025-04-29,1630.02,1630.02,Paid,0
41188,30040,2025-05-25,1630.02,679.13,Partial,12
41189,30040,2025-06-29,1630.02,1630.02,Paid,0
41190,30040,2025-07-26,1630.02,1630.02,Paid,0
41191,30040,2025-08-23,1630.02,1630.02,Paid,0
41192,30040,2025-09-24,1630.02,1630.02,Paid,0
41193,30040,2025-10-25,1630.02,1630.02,Paid,0
41194,30040,2025-11-21,1630.02,1630.02,Paid,0
41195,30040,2025-12-24,1630.02,1630.02,Paid,0
41196,30040,2026-01-23,1630.02,1630.02,Paid,0
41197,30040,2026-02-21,1630.02,1630.02,Paid,0
41198,30040,2026-03-26,1630.02,0,Missed,30
41199,30040,2026-04-25,1630.02,462.5,Partial,40
41200,30040,2026-05-24,1630.02,1630.02,Paid,0
41201,30041,2024-01-02,4825.89,4825.89,Paid,0
41202,30041,2024-02-04,4825.89,0,Missed,7
41203,30041,2024-03-05,4825.89,4825.89,Paid,0
41204,30041,2024-03-31,4825.89,4825.89,Paid,0
41205,30041,2024-05-05,4825.89,2165.42,Partial,38
41206,30041,2024-06-02,4825.89,4825.89,Paid,0
41207,30041,2024-06-30,4825.89,4825.89,Paid,0
41208,30041,2024-08-01,4825.89,4825.89,Paid,0
41209,30041,2024-08-31,4825.89,4825.89,Paid,0
41210,30041,2024-09-29,4825.89,4825.89,Paid,0
41211,30041,2024-10-29,4825.89,4825.89,Paid,0
41212,30041,2024-12-01,4825.89,4825.89,Paid,0
41213,30041,2024-12-26,4825.89,4825.89,Paid,0
41214,30041,2025-01-26,4825.89,4825.89,Paid,0
41215,30041,2025-03-01,4825.89,4825.89,Paid,0
41216,30041,2025-03-29,4825.89,4825.89,Paid,0
41217,30041,2025-04-30,4825.89,2173.07,Partial,34
41218,30041,2025-05-30,4825.89,4825.89,Paid,0
41219,30041,2025-06-24,4825.89,4825.89,Paid,0
41220,30041,2025-07-26,4825.89,4825.89,Paid,0
41221,30041,2025-08-23,4825.89,4825.89,Paid,0
41222,30041,2025-09-24,4825.89,4825.89,Paid,0
41223,30041,2025-10-26,4825.89,4825.89,Paid,0
41224,30041,2025-11-23,4825.89,4825.89,Paid,0
41225,30041,2025-12-24,4825.89,0,Missed,55
41226,30041,2026-01-20,4825.89,4825.89,Paid,0
41227,30041,2026-02-24,4825.89,4825.89,Paid,0
41228,30041,2026-03-23,4825.89,4825.89,Paid,0
41229,30041,2026-04-20,4825.89,4825.89,Paid,0
41230,30041,2026-05-23,4825.89,4825.89,Paid,0
41231,30042,2024-01-02,83.17,83.17,Paid,0
41232,30042,2024-01-31,83.17,83.17,Paid,0
41233,30042,2024-03-04,83.17,83.17,Paid,0
41234,30042,2024-04-02,83.17,83.17,Paid,0
41235,30042,2024-05-02,83.17,83.17,Paid,0
41236,30042,2024-05-30,83.17,83.17,Paid,0
41237,30042,2024-07-04,83.17,83.17,Paid,0
41238,30042,2024-07-29,83.17,83.17,Paid,0
41239,30042,2024-08-29,83.17,83.17,Paid,0
41240,30042,2024-09-29,83.17,83.17,Paid,0
41241,30042,2024-11-01,83.17,83.17,Paid,0
41242,30042,2024-11-28,83.17,83.17,Paid,0
41243,30042,2024-12-31,83.17,83.17,Paid,0
41244,30042,2025-01-29,83.17,83.17,Paid,0
41245,30042,2025-02-25,83.17,83.17,Paid,0
41246,30042,2025-03-30,83.17,83.17,Paid,0
41247,30042,2025-04-28,83.17,83.17,Paid,0
41248,30042,2025-05-26,83.17,83.17,Paid,0
41249,30042,2025-06-25,83.17,83.17,Paid,0
41250,30042,2025-07-25,83.17,83.17,Paid,0
41251,30042,2025-08-27,83.17,83.17,Paid,0
41252,30042,2025-09-26,83.17,83.17,Paid,0
41253,30042,2025-10-27,83.17,83.17,Paid,0
41254,30042,2025-11-21,83.17,83.17,Paid,0
41255,30042,2025-12-21,83.17,83.17,Paid,0
41256,30042,2026-01-21,83.17,40.56,Partial,22
41257,30042,2026-02-24,83.17,83.17,Paid,0
41258,30042,2026-03-24,83.17,46.46,Partial,51
41259,30042,2026-04-22,83.17,83.17,Paid,0
41260,30042,2026-05-22,83.17,83.17,Paid,0
41261,30043,2024-01-01,412.11,412.11,Paid,0
41262,30043,2024-02-05,412.11,412.11,Paid,0
41263,30043,2024-03-02,412.11,412.11,Paid,0
41264,30043,2024-04-01,412.11,412.11,Paid,0
41265,30043,2024-04-30,412.11,412.11,Paid,0
41266,30043,2024-05-30,412.11,412.11,Paid,0
41267,30043,2024-07-02,412.11,412.11,Paid,0
41268,30043,2024-07-29,412.11,412.11,Paid,0
41269,30043,2024-08-28,412.11,412.11,Paid,0
41270,30043,2024-10-01,412.11,412.11,Paid,0
41271,30043,2024-10-30,412.11,412.11,Paid,0
41272,30043,2024-11-28,412.11,412.11,Paid,0
41273,30043,2024-12-28,412.11,412.11,Paid,0
41274,30043,2025-01-25,412.11,412.11,Paid,0
41275,30043,2025-02-28,412.11,412.11,Paid,0
41276,30043,2025-03-27,412.11,412.11,Paid,0
41277,30043,2025-04-27,412.11,412.11,Paid,0
41278,30043,2025-05-26,412.11,412.11,Paid,0
41279,30043,2025-06-26,412.11,168.43,Partial,13
41280,30043,2025-07-28,412.11,412.11,Paid,0
41281,30043,2025-08-27,412.11,412.11,Paid,0
41282,30043,2025-09-26,412.11,412.11,Paid,0
41283,30043,2025-10-26,412.11,412.11,Paid,0
41284,30043,2025-11-25,412.11,412.11,Paid,0
41285,30043,2025-12-22,412.11,0,Missed,13
41286,30043,2026-01-24,412.11,412.11,Paid,0
41287,30043,2026-02-24,412.11,412.11,Paid,0
41288,30043,2026-03-22,412.11,292.92,Partial,33
41289,30043,2026-04-22,412.11,412.11,Paid,0
41290,30043,2026-05-21,412.11,412.11,Paid,0
41291,30044,2024-01-01,710.36,710.36,Paid,0
41292,30044,2024-02-02,710.36,0,Missed,30
41293,30044,2024-03-02,710.36,710.36,Paid,0
41294,30044,2024-04-03,710.36,710.36,Paid,0
41295,30044,2024-05-02,710.36,710.36,Paid,0
41296,30044,2024-05-30,710.36,710.36,Paid,0
41297,30044,2024-07-02,710.36,710.36,Paid,0
41298,30044,2024-08-03,710.36,710.36,Paid,0
41299,30044,2024-09-02,710.36,710.36,Paid,0
41300,30044,2024-09-29,710.36,710.36,Paid,0
41301,30044,2024-10-30,710.36,710.36,Paid,0
41302,30044,2024-11-30,710.36,710.36,Paid,0
41303,30044,2024-12-31,710.36,0,Missed,31
41304,30044,2025-01-26,710.36,710.36,Paid,0
41305,30044,2025-02-26,710.36,0,Missed,30
41306,30044,2025-03-27,710.36,710.36,Paid,0
41307,30044,2025-04-28,710.36,298.68,Partial,3
41308,30044,2025-05-30,710.36,710.36,Paid,0
41309,30044,2025-06-24,710.36,710.36,Paid,0
41310,30044,2025-07-28,710.36,710.36,Paid,0
41311,30044,2025-08-23,710.36,710.36,Paid,0
41312,30044,2025-09-25,710.36,710.36,Paid,0
41313,30044,2025-10-26,710.36,0,Missed,50
41314,30044,2025-11-22,710.36,710.36,Paid,0
41315,30044,2025-12-22,710.36,710.36,Paid,0
41316,30044,2026-01-24,710.36,710.36,Paid,0
41317,30044,2026-02-22,710.36,710.36,Paid,0
41318,30044,2026-03-24,710.36,710.36,Paid,0
41319,30044,2026-04-22,710.36,710.36,Paid,0
41320,30044,2026-05-24,710.36,710.36,Paid,0
41321,30045,2024-01-06,2896.86,1198.31,Partial,45
41322,30045,2024-02-04,2896.86,0,Missed,34
41323,30045,2024-03-05,2896.86,2896.86,Paid,0
41324,30045,2024-04-03,2896.86,2896.86,Paid,0
41325,30045,2024-05-02,2896.86,2896.86,Paid,0
41326,30045,2024-05-31,2896.86,2896.86,Paid,0
41327,30045,2024-06-30,2896.86,2896.86,Paid,0
41328,30045,2024-08-03,2896.86,2896.86,Paid,0
41329,30045,2024-08-28,2896.86,2896.86,Paid,0
41330,30045,2024-09-27,2896.86,0,Missed,27
41331,30045,2024-10-31,2896.86,2896.86,Paid,0
41332,30045,2024-11-27,2896.86,2896.86,Paid,0
41333,30045,2024-12-30,2896.86,2896.86,Paid,0
41334,30045,2025-01-25,2896.86,2896.86,Paid,0
41335,30045,2025-02-28,2896.86,2896.86,Paid,0
41336,30045,2025-03-29,2896.86,2896.86,Paid,0
41337,30045,2025-04-30,2896.86,2896.86,Paid,0
41338,30045,2025-05-29,2896.86,2896.86,Paid,0
41339,30045,2025-06-26,2896.86,2896.86,Paid,0
41340,30045,2025-07-28,2896.86,2896.86,Paid,0
41341,30045,2025-08-23,2896.86,0,Missed,59
41342,30045,2025-09-22,2896.86,2896.86,Paid,0
41343,30045,2025-10-24,2896.86,2896.86,Paid,0
41344,30045,2025-11-24,2896.86,2896.86,Paid,0
41345,30045,2025-12-21,2896.86,2896.86,Paid,0
41346,30045,2026-01-25,2896.86,2896.86,Paid,0
41347,30045,2026-02-21,2896.86,864.67,Partial,30
41348,30045,2026-03-22,2896.86,2896.86,Paid,0
41349,30045,2026-04-23,2896.86,2896.86,Paid,0
41350,30045,2026-05-20,2896.86,2896.86,Paid,0
41351,30046,2024-01-04,5208.47,5208.47,Paid,0
41352,30046,2024-02-05,5208.47,5208.47,Paid,0
41353,30046,2024-03-04,5208.47,5208.47,Paid,0
41354,30046,2024-04-01,5208.47,5208.47,Paid,0
41355,30046,2024-05-03,5208.47,5208.47,Paid,0
41356,30046,2024-06-03,5208.47,0,Missed,42
41357,30046,2024-07-04,5208.47,5208.47,Paid,0
41358,30046,2024-07-31,5208.47,5208.47,Paid,0
41359,30046,2024-08-28,5208.47,5208.47,Paid,0
41360,30046,2024-09-28,5208.47,5208.47,Paid,0
41361,30046,2024-10-29,5208.47,5208.47,Paid,0
41362,30046,2024-11-30,5208.47,5208.47,Paid,0
41363,30046,2024-12-31,5208.47,5208.47,Paid,0
41364,30046,2025-01-25,5208.47,5208.47,Paid,0
41365,30046,2025-02-26,5208.47,5208.47,Paid,0
41366,30046,2025-03-26,5208.47,5208.47,Paid,0
41367,30046,2025-04-26,5208.47,5208.47,Paid,0
41368,30046,2025-05-27,5208.47,5208.47,Paid,0
41369,30046,2025-06-29,5208.47,5208.47,Paid,0
41370,30046,2025-07-26,5208.47,5208.47,Paid,0
41371,30046,2025-08-24,5208.47,5208.47,Paid,0
41372,30046,2025-09-24,5208.47,5208.47,Paid,0
41373,30046,2025-10-27,5208.47,5208.47,Paid,0
41374,30046,2025-11-25,5208.47,5208.47,Paid,0
41375,30046,2025-12-24,5208.47,5208.47,Paid,0
41376,30046,2026-01-25,5208.47,5208.47,Paid,0
41377,30046,2026-02-19,5208.47,0,Missed,27
41378,30046,2026-03-25,5208.47,5208.47,Paid,0
41379,30046,2026-04-24,5208.47,5208.47,Paid,0
41380,30046,2026-05-23,5208.47,5208.47,Paid,0
41381,30047,2024-01-06,1438.6,1438.6,Paid,0
41382,30047,2024-02-03,1438.6,1438.6,Paid,0
41383,30047,2024-03-06,1438.6,1438.6,Paid,0
41384,30047,2024-04-04,1438.6,1438.6,Paid,0
41385,30047,2024-05-03,1438.6,1438.6,Paid,0
41386,30047,2024-06-04,1438.6,1438.6,Paid,0
41387,30047,2024-06-29,1438.6,1438.6,Paid,0
41388,30047,2024-08-02,1438.6,1438.6,Paid,0
41389,30047,2024-08-30,1438.6,1438.6,Paid,0
41390,30047,2024-10-01,1438.6,1438.6,Paid,0
41391,30047,2024-10-28,1438.6,1438.6,Paid,0
41392,30047,2024-11-26,1438.6,1438.6,Paid,0
41393,30047,2024-12-30,1438.6,1438.6,Paid,0
41394,30047,2025-01-27,1438.6,1438.6,Paid,0
41395,30047,2025-02-28,1438.6,1438.6,Paid,0
41396,30047,2025-03-29,1438.6,1438.6,Paid,0
41397,30047,2025-04-27,1438.6,1438.6,Paid,0
41398,30047,2025-05-30,1438.6,1438.6,Paid,0
41399,30047,2025-06-28,1438.6,1438.6,Paid,0
41400,30047,2025-07-27,1438.6,1438.6,Paid,0
41401,30047,2025-08-25,1438.6,1438.6,Paid,0
41402,30047,2025-09-25,1438.6,1438.6,Paid,0
41403,30047,2025-10-26,1438.6,1438.6,Paid,0
41404,30047,2025-11-25,1438.6,1438.6,Paid,0
41405,30047,2025-12-21,1438.6,1438.6,Paid,0
41406,30047,2026-01-24,1438.6,1438.6,Paid,0
41407,30047,2026-02-23,1438.6,1438.6,Paid,0
41408,30047,2026-03-26,1438.6,0,Missed,50
41409,30047,2026-04-23,1438.6,1438.6,Paid,0
41410,30047,2026-05-25,1438.6,1438.6,Paid,0
41411,30048,2024-01-05,99.71,99.71,Paid,0
41412,30048,2024-02-03,99.71,63.41,Partial,6
41413,30048,2024-03-05,99.71,99.71,Paid,0
41414,30048,2024-04-03,99.71,99.71,Paid,0
41415,30048,2024-05-01,99.71,99.71,Paid,0
41416,30048,2024-06-01,99.71,99.71,Paid,0
41417,30048,2024-07-02,99.71,99.71,Paid,0
41418,30048,2024-07-29,99.71,99.71,Paid,0
41419,30048,2024-08-31,99.71,99.71,Paid,0
41420,30048,2024-09-29,99.71,99.71,Paid,0
41421,30048,2024-10-29,99.71,99.71,Paid,0
41422,30048,2024-11-27,99.71,99.71,Paid,0
41423,30048,2024-12-26,99.71,99.71,Paid,0
41424,30048,2025-01-25,99.71,99.71,Paid,0
41425,30048,2025-02-26,99.71,99.71,Paid,0
41426,30048,2025-03-30,99.71,0,Missed,30
41427,30048,2025-04-30,99.71,32.03,Partial,20
41428,30048,2025-05-26,99.71,99.71,Paid,0
41429,30048,2025-06-26,99.71,99.71,Paid,0
41430,30048,2025-07-25,99.71,99.71,Paid,0
41431,30048,2025-08-23,99.71,0,Missed,34
41432,30048,2025-09-22,99.71,99.71,Paid,0
41433,30048,2025-10-22,99.71,99.71,Paid,0
41434,30048,2025-11-23,99.71,99.71,Paid,0
41435,30048,2025-12-24,99.71,60.13,Partial,59
41436,30048,2026-01-20,99.71,99.71,Paid,0
41437,30048,2026-02-24,99.71,99.71,Paid,0
41438,30048,2026-03-22,99.71,99.71,Paid,0
41439,30048,2026-04-25,99.71,99.71,Paid,0
41440,30048,2026-05-20,99.71,99.71,Paid,0
41441,30049,2024-01-05,863.12,655.05,Partial,19
41442,30049,2024-02-03,863.12,295.92,Partial,10
41443,30049,2024-03-03,863.12,863.12,Paid,0
41444,30049,2024-04-04,863.12,863.12,Paid,0
41445,30049,2024-05-05,863.12,863.12,Paid,0
41446,30049,2024-06-02,863.12,863.12,Paid,0
41447,30049,2024-06-29,863.12,863.12,Paid,0
41448,30049,2024-07-31,863.12,863.12,Paid,0
41449,30049,2024-08-30,863.12,863.12,Paid,0
41450,30049,2024-09-27,863.12,863.12,Paid,0
41451,30049,2024-10-29,863.12,863.12,Paid,0
41452,30049,2024-11-26,863.12,863.12,Paid,0
41453,30049,2024-12-29,863.12,863.12,Paid,0
41454,30049,2025-01-26,863.12,0,Missed,59
41455,30049,2025-02-25,863.12,863.12,Paid,0
41456,30049,2025-03-31,863.12,863.12,Paid,0
41457,30049,2025-04-27,863.12,863.12,Paid,0
41458,30049,2025-05-29,863.12,863.12,Paid,0
41459,30049,2025-06-29,863.12,863.12,Paid,0
41460,30049,2025-07-24,863.12,863.12,Paid,0
41461,30049,2025-08-28,863.12,863.12,Paid,0
41462,30049,2025-09-26,863.12,863.12,Paid,0
41463,30049,2025-10-27,863.12,0,Missed,26
41464,30049,2025-11-26,863.12,863.12,Paid,0
41465,30049,2025-12-22,863.12,863.12,Paid,0
41466,30049,2026-01-23,863.12,863.12,Paid,0
41467,30049,2026-02-22,863.12,647.99,Partial,22
41468,30049,2026-03-21,863.12,564.48,Partial,22
41469,30049,2026-04-21,863.12,863.12,Paid,0
41470,30049,2026-05-21,863.12,499.58,Partial,59
41471,30050,2024-01-06,720.19,720.19,Paid,0
41472,30050,2024-01-31,720.19,720.19,Paid,0
41473,30050,2024-03-01,720.19,720.19,Paid,0
41474,30050,2024-04-03,720.19,720.19,Paid,0
41475,30050,2024-05-03,720.19,287.81,Partial,30
41476,30050,2024-05-30,720.19,720.19,Paid,0
41477,30050,2024-07-04,720.19,720.19,Paid,0
41478,30050,2024-07-29,720.19,720.19,Paid,0
41479,30050,2024-09-01,720.19,720.19,Paid,0
41480,30050,2024-10-01,720.19,720.19,Paid,0
41481,30050,2024-10-30,720.19,720.19,Paid,0
41482,30050,2024-11-26,720.19,720.19,Paid,0
41483,30050,2024-12-27,720.19,720.19,Paid,0
41484,30050,2025-01-30,720.19,720.19,Paid,0
41485,30050,2025-02-27,720.19,720.19,Paid,0
41486,30050,2025-03-28,720.19,720.19,Paid,0
41487,30050,2025-04-25,720.19,720.19,Paid,0
41488,30050,2025-05-26,720.19,720.19,Paid,0
41489,30050,2025-06-29,720.19,720.19,Paid,0
41490,30050,2025-07-28,720.19,720.19,Paid,0
41491,30050,2025-08-25,720.19,720.19,Paid,0
41492,30050,2025-09-27,720.19,720.19,Paid,0
41493,30050,2025-10-23,720.19,720.19,Paid,0
41494,30050,2025-11-23,720.19,720.19,Paid,0
41495,30050,2025-12-22,720.19,720.19,Paid,0
41496,30050,2026-01-22,720.19,720.19,Paid,0
41497,30050,2026-02-22,720.19,526.17,Partial,17
41498,30050,2026-03-21,720.19,542.93,Partial,44
41499,30050,2026-04-24,720.19,720.19,Paid,0
41500,30050,2026-05-20,720.19,0,Missed,15
41501,30051,2024-01-03,1068.3,1068.3,Paid,0
41502,30051,2024-02-01,1068.3,1068.3,Paid,0
41503,30051,2024-03-05,1068.3,1068.3,Paid,0
41504,30051,2024-04-02,1068.3,1068.3,Paid,0
41505,30051,2024-05-02,1068.3,1068.3,Paid,0
41506,30051,2024-06-03,1068.3,1068.3,Paid,0
41507,30051,2024-07-04,1068.3,1068.3,Paid,0
41508,30051,2024-08-01,1068.3,1068.3,Paid,0
41509,30051,2024-08-31,1068.3,1068.3,Paid,0
41510,30051,2024-10-02,1068.3,1068.3,Paid,0
41511,30051,2024-10-29,1068.3,1068.3,Paid,0
41512,30051,2024-11-29,1068.3,1068.3,Paid,0
41513,30051,2024-12-29,1068.3,1068.3,Paid,0
41514,30051,2025-01-29,1068.3,1068.3,Paid,0
41515,30051,2025-02-26,1068.3,1068.3,Paid,0
41516,30051,2025-03-27,1068.3,1068.3,Paid,0
41517,30051,2025-04-28,1068.3,1068.3,Paid,0
41518,30051,2025-05-25,1068.3,1068.3,Paid,0
41519,30051,2025-06-26,1068.3,1068.3,Paid,0
41520,30051,2025-07-27,1068.3,450.59,Partial,46
41521,30051,2025-08-28,1068.3,1068.3,Paid,0
41522,30051,2025-09-22,1068.3,1068.3,Paid,0
41523,30051,2025-10-24,1068.3,0,Missed,28
41524,30051,2025-11-26,1068.3,1068.3,Paid,0
41525,30051,2025-12-24,1068.3,1068.3,Paid,0
41526,30051,2026-01-25,1068.3,1068.3,Paid,0
41527,30051,2026-02-19,1068.3,1068.3,Paid,0
41528,30051,2026-03-21,1068.3,1068.3,Paid,0
41529,30051,2026-04-21,1068.3,1068.3,Paid,0
41530,30051,2026-05-22,1068.3,0,Missed,63
41531,30052,2024-01-06,3085.34,0,Missed,41
41532,30052,2024-02-05,3085.34,3085.34,Paid,0
41533,30052,2024-03-01,3085.34,3085.34,Paid,0
41534,30052,2024-04-04,3085.34,3085.34,Paid,0
41535,30052,2024-05-02,3085.34,0,Missed,45
41536,30052,2024-06-01,3085.34,3085.34,Paid,0
41537,30052,2024-07-03,3085.34,3085.34,Paid,0
41538,30052,2024-07-30,3085.34,3085.34,Paid,0
41539,30052,2024-09-01,3085.34,3085.34,Paid,0
41540,30052,2024-09-29,3085.34,3085.34,Paid,0
41541,30052,2024-10-28,3085.34,3085.34,Paid,0
41542,30052,2024-12-01,3085.34,3085.34,Paid,0
41543,30052,2024-12-27,3085.34,3085.34,Paid,0
41544,30052,2025-01-27,3085.34,3085.34,Paid,0
41545,30052,2025-02-25,3085.34,3085.34,Paid,0
41546,30052,2025-03-28,3085.34,3085.34,Paid,0
41547,30052,2025-04-28,3085.34,3085.34,Paid,0
41548,30052,2025-05-27,3085.34,3085.34,Paid,0
41549,30052,2025-06-26,3085.34,3085.34,Paid,0
41550,30052,2025-07-27,3085.34,1201.2,Partial,34
41551,30052,2025-08-24,3085.34,3085.34,Paid,0
41552,30052,2025-09-27,3085.34,3085.34,Paid,0
41553,30052,2025-10-25,3085.34,3085.34,Paid,0
41554,30052,2025-11-22,3085.34,3085.34,Paid,0
41555,30052,2025-12-22,3085.34,3085.34,Paid,0
41556,30052,2026-01-22,3085.34,3085.34,Paid,0
41557,30052,2026-02-22,3085.34,3085.34,Paid,0
41558,30052,2026-03-24,3085.34,3085.34,Paid,0
41559,30052,2026-04-22,3085.34,0,Missed,38
41560,30052,2026-05-23,3085.34,3085.34,Paid,0
41561,30053,2024-01-01,1893.56,1893.56,Paid,0
41562,30053,2024-02-01,1893.56,1893.56,Paid,0
41563,30053,2024-03-01,1893.56,1893.56,Paid,0
41564,30053,2024-04-02,1893.56,1893.56,Paid,0
41565,30053,2024-05-01,1893.56,1893.56,Paid,0
41566,30053,2024-06-01,1893.56,1893.56,Paid,0
41567,30053,2024-07-04,1893.56,1893.56,Paid,0
41568,30053,2024-08-02,1893.56,0,Missed,3
41569,30053,2024-09-01,1893.56,1893.56,Paid,0
41570,30053,2024-09-28,1893.56,1893.56,Paid,0
41571,30053,2024-10-27,1893.56,1893.56,Paid,0
41572,30053,2024-11-29,1893.56,1893.56,Paid,0
41573,30053,2024-12-28,1893.56,1893.56,Paid,0
41574,30053,2025-01-30,1893.56,0,Missed,10
41575,30053,2025-02-27,1893.56,1893.56,Paid,0
41576,30053,2025-03-26,1893.56,1893.56,Paid,0
41577,30053,2025-04-26,1893.56,1893.56,Paid,0
41578,30053,2025-05-28,1893.56,1893.56,Paid,0
41579,30053,2025-06-29,1893.56,1893.56,Paid,0
41580,30053,2025-07-29,1893.56,0,Missed,41
41581,30053,2025-08-28,1893.56,1893.56,Paid,0
41582,30053,2025-09-22,1893.56,1893.56,Paid,0
41583,30053,2025-10-25,1893.56,1893.56,Paid,0
41584,30053,2025-11-26,1893.56,0,Missed,61
41585,30053,2025-12-25,1893.56,1893.56,Paid,0
41586,30053,2026-01-20,1893.56,1893.56,Paid,0
41587,30053,2026-02-21,1893.56,1893.56,Paid,0
41588,30053,2026-03-21,1893.56,0,Missed,45
41589,30053,2026-04-24,1893.56,0,Missed,45
41590,30053,2026-05-20,1893.56,0,Missed,45
41591,30054,2024-01-02,10189.36,10189.36,Paid,0
41592,30054,2024-02-03,10189.36,10189.36,Paid,0
41593,30054,2024-03-02,10189.36,10189.36,Paid,0
41594,30054,2024-04-03,10189.36,10189.36,Paid,0
41595,30054,2024-05-05,10189.36,10189.36,Paid,0
41596,30054,2024-06-01,10189.36,10189.36,Paid,0
41597,30054,2024-07-02,10189.36,10189.36,Paid,0
41598,30054,2024-07-31,10189.36,5727.52,Partial,25
41599,30054,2024-09-02,10189.36,10189.36,Paid,0
41600,30054,2024-09-29,10189.36,10189.36,Paid,0
41601,30054,2024-10-30,10189.36,10189.36,Paid,0
41602,30054,2024-11-29,10189.36,10189.36,Paid,0
41603,30054,2024-12-30,10189.36,10189.36,Paid,0
41604,30054,2025-01-25,10189.36,10189.36,Paid,0
41605,30054,2025-02-26,10189.36,10189.36,Paid,0
41606,30054,2025-03-29,10189.36,10189.36,Paid,0
41607,30054,2025-04-25,10189.36,10189.36,Paid,0
41608,30054,2025-05-27,10189.36,0,Missed,46
41609,30054,2025-06-25,10189.36,10189.36,Paid,0
41610,30054,2025-07-29,10189.36,10189.36,Paid,0
41611,30054,2025-08-26,10189.36,10189.36,Paid,0
41612,30054,2025-09-27,10189.36,10189.36,Paid,0
41613,30054,2025-10-24,10189.36,10189.36,Paid,0
41614,30054,2025-11-21,10189.36,4957.8,Partial,12
41615,30054,2025-12-22,10189.36,10189.36,Paid,0
41616,30054,2026-01-22,10189.36,10189.36,Paid,0
41617,30054,2026-02-23,10189.36,10189.36,Paid,0
41618,30054,2026-03-25,10189.36,10189.36,Paid,0
41619,30054,2026-04-20,10189.36,5176.69,Partial,35
41620,30054,2026-05-23,10189.36,10189.36,Paid,0
41621,30055,2024-01-04,496.09,496.09,Paid,0
41622,30055,2024-02-04,496.09,496.09,Paid,0
41623,30055,2024-03-03,496.09,496.09,Paid,0
41624,30055,2024-03-31,496.09,496.09,Paid,0
41625,30055,2024-04-30,496.09,496.09,Paid,0
41626,30055,2024-06-04,496.09,496.09,Paid,0
41627,30055,2024-06-30,496.09,496.09,Paid,0
41628,30055,2024-07-29,496.09,496.09,Paid,0
41629,30055,2024-09-02,496.09,496.09,Paid,0
41630,30055,2024-10-01,496.09,496.09,Paid,0
41631,30055,2024-11-01,496.09,496.09,Paid,0
41632,30055,2024-11-28,496.09,496.09,Paid,0
41633,30055,2024-12-27,496.09,496.09,Paid,0
41634,30055,2025-01-25,496.09,496.09,Paid,0
41635,30055,2025-02-28,496.09,496.09,Paid,0
41636,30055,2025-03-31,496.09,496.09,Paid,0
41637,30055,2025-04-29,496.09,496.09,Paid,0
41638,30055,2025-05-28,496.09,496.09,Paid,0
41639,30055,2025-06-25,496.09,496.09,Paid,0
41640,30055,2025-07-27,496.09,496.09,Paid,0
41641,30055,2025-08-28,496.09,0,Missed,41
41642,30055,2025-09-27,496.09,496.09,Paid,0
41643,30055,2025-10-26,496.09,496.09,Paid,0
41644,30055,2025-11-25,496.09,496.09,Paid,0
41645,30055,2025-12-26,496.09,0,Missed,46
41646,30055,2026-01-23,496.09,496.09,Paid,0
41647,30055,2026-02-19,496.09,496.09,Paid,0
41648,30055,2026-03-21,496.09,496.09,Paid,0
41649,30055,2026-04-20,496.09,496.09,Paid,0
41650,30055,2026-05-21,496.09,496.09,Paid,0
41651,30056,2024-01-02,397.77,397.77,Paid,0
41652,30056,2024-02-01,397.77,397.77,Paid,0
41653,30056,2024-03-04,397.77,397.77,Paid,0
41654,30056,2024-04-04,397.77,397.77,Paid,0
41655,30056,2024-05-02,397.77,397.77,Paid,0
41656,30056,2024-05-31,397.77,397.77,Paid,0
41657,30056,2024-06-29,397.77,397.77,Paid,0
41658,30056,2024-07-30,397.77,397.77,Paid,0
41659,30056,2024-08-31,397.77,0,Missed,33
41660,30056,2024-09-27,397.77,397.77,Paid,0
41661,30056,2024-10-31,397.77,397.77,Paid,0
41662,30056,2024-11-28,397.77,397.77,Paid,0
41663,30056,2024-12-29,397.77,397.77,Paid,0
41664,30056,2025-01-25,397.77,397.77,Paid,0
41665,30056,2025-03-01,397.77,397.77,Paid,0
41666,30056,2025-03-29,397.77,397.77,Paid,0
41667,30056,2025-04-30,397.77,397.77,Paid,0
41668,30056,2025-05-30,397.77,397.77,Paid,0
41669,30056,2025-06-26,397.77,397.77,Paid,0
41670,30056,2025-07-27,397.77,397.77,Paid,0
41671,30056,2025-08-27,397.77,397.77,Paid,0
41672,30056,2025-09-27,397.77,286.63,Partial,17
41673,30056,2025-10-27,397.77,397.77,Paid,0
41674,30056,2025-11-21,397.77,397.77,Paid,0
41675,30056,2025-12-23,397.77,397.77,Paid,0
41676,30056,2026-01-22,397.77,179.11,Partial,33
41677,30056,2026-02-19,397.77,397.77,Paid,0
41678,30056,2026-03-26,397.77,397.77,Paid,0
41679,30056,2026-04-25,397.77,397.77,Paid,0
41680,30056,2026-05-21,397.77,397.77,Paid,0
41681,30057,2024-01-02,3003.86,3003.86,Paid,0
41682,30057,2024-02-03,3003.86,3003.86,Paid,0
41683,30057,2024-03-02,3003.86,3003.86,Paid,0
41684,30057,2024-04-05,3003.86,3003.86,Paid,0
41685,30057,2024-05-04,3003.86,3003.86,Paid,0
41686,30057,2024-06-04,3003.86,3003.86,Paid,0
41687,30057,2024-06-30,3003.86,1903.84,Partial,27
41688,30057,2024-08-01,3003.86,3003.86,Paid,0
41689,30057,2024-09-02,3003.86,3003.86,Paid,0
41690,30057,2024-09-29,3003.86,3003.86,Paid,0
41691,30057,2024-10-28,3003.86,3003.86,Paid,0
41692,30057,2024-11-28,3003.86,3003.86,Paid,0
41693,30057,2024-12-26,3003.86,3003.86,Paid,0
41694,30057,2025-01-26,3003.86,3003.86,Paid,0
41695,30057,2025-02-25,3003.86,3003.86,Paid,0
41696,30057,2025-03-26,3003.86,3003.86,Paid,0
41697,30057,2025-04-28,3003.86,3003.86,Paid,0
41698,30057,2025-05-26,3003.86,3003.86,Paid,0
41699,30057,2025-06-24,3003.86,3003.86,Paid,0
41700,30057,2025-07-26,3003.86,3003.86,Paid,0
41701,30057,2025-08-24,3003.86,3003.86,Paid,0
41702,30057,2025-09-26,3003.86,3003.86,Paid,0
41703,30057,2025-10-22,3003.86,3003.86,Paid,0
41704,30057,2025-11-21,3003.86,3003.86,Paid,0
41705,30057,2025-12-21,3003.86,3003.86,Paid,0
41706,30057,2026-01-23,3003.86,3003.86,Paid,0
41707,30057,2026-02-21,3003.86,3003.86,Paid,0
41708,30057,2026-03-21,3003.86,3003.86,Paid,0
41709,30057,2026-04-24,3003.86,3003.86,Paid,0
41710,30057,2026-05-21,3003.86,3003.86,Paid,0
41711,30058,2024-01-05,4096.58,4096.58,Paid,0
41712,30058,2024-01-31,4096.58,4096.58,Paid,0
41713,30058,2024-03-04,4096.58,4096.58,Paid,0
41714,30058,2024-03-31,4096.58,0,Missed,53
41715,30058,2024-05-04,4096.58,4096.58,Paid,0
41716,30058,2024-05-30,4096.58,4096.58,Paid,0
41717,30058,2024-06-29,4096.58,4096.58,Paid,0
41718,30058,2024-07-30,4096.58,4096.58,Paid,0
41719,30058,2024-08-29,4096.58,1205.29,Partial,21
41720,30058,2024-10-02,4096.58,4096.58,Paid,0
41721,30058,2024-10-31,4096.58,4096.58,Paid,0
41722,30058,2024-11-26,4096.58,4096.58,Paid,0
41723,30058,2024-12-28,4096.58,4096.58,Paid,0
41724,30058,2025-01-26,4096.58,4096.58,Paid,0
41725,30058,2025-02-25,4096.58,4096.58,Paid,0
41726,30058,2025-03-29,4096.58,4096.58,Paid,0
41727,30058,2025-04-25,4096.58,4096.58,Paid,0
41728,30058,2025-05-28,4096.58,4096.58,Paid,0
41729,30058,2025-06-28,4096.58,4096.58,Paid,0
41730,30058,2025-07-26,4096.58,4096.58,Paid,0
41731,30058,2025-08-26,4096.58,4096.58,Paid,0
41732,30058,2025-09-27,4096.58,4096.58,Paid,0
41733,30058,2025-10-26,4096.58,4096.58,Paid,0
41734,30058,2025-11-22,4096.58,4096.58,Paid,0
41735,30058,2025-12-24,4096.58,4096.58,Paid,0
41736,30058,2026-01-23,4096.58,3158.89,Partial,36
41737,30058,2026-02-24,4096.58,4096.58,Paid,0
41738,30058,2026-03-21,4096.58,4096.58,Paid,0
41739,30058,2026-04-20,4096.58,4096.58,Paid,0
41740,30058,2026-05-24,4096.58,1027.7,Partial,23
41741,30059,2024-01-04,185.16,0,Missed,13
41742,30059,2024-02-03,185.16,185.16,Paid,0
41743,30059,2024-03-01,185.16,185.16,Paid,0
41744,30059,2024-04-05,185.16,185.16,Paid,0
41745,30059,2024-05-04,185.16,185.16,Paid,0
41746,30059,2024-06-04,185.16,0,Missed,54
41747,30059,2024-07-04,185.16,185.16,Paid,0
41748,30059,2024-07-31,185.16,185.16,Paid,0
41749,30059,2024-09-02,185.16,185.16,Paid,0
41750,30059,2024-09-29,185.16,185.16,Paid,0
41751,30059,2024-10-29,185.16,37.91,Partial,20
41752,30059,2024-11-30,185.16,185.16,Paid,0
41753,30059,2024-12-27,185.16,185.16,Paid,0
41754,30059,2025-01-28,185.16,185.16,Paid,0
41755,30059,2025-02-28,185.16,185.16,Paid,0
41756,30059,2025-03-30,185.16,185.16,Paid,0
41757,30059,2025-04-30,185.16,185.16,Paid,0
41758,30059,2025-05-30,185.16,185.16,Paid,0
41759,30059,2025-06-25,185.16,46.4,Partial,37
41760,30059,2025-07-26,185.16,185.16,Paid,0
41761,30059,2025-08-28,185.16,185.16,Paid,0
41762,30059,2025-09-23,185.16,185.16,Paid,0
41763,30059,2025-10-26,185.16,185.16,Paid,0
41764,30059,2025-11-21,185.16,185.16,Paid,0
41765,30059,2025-12-23,185.16,185.16,Paid,0
41766,30059,2026-01-25,185.16,185.16,Paid,0
41767,30059,2026-02-19,185.16,97.02,Partial,19
41768,30059,2026-03-22,185.16,185.16,Paid,0
41769,30059,2026-04-22,185.16,185.16,Paid,0
41770,30059,2026-05-24,185.16,185.16,Paid,0
41771,30060,2024-01-01,167.8,167.8,Paid,0
41772,30060,2024-02-02,167.8,167.8,Paid,0
41773,30060,2024-03-03,167.8,167.8,Paid,0
41774,30060,2024-04-05,167.8,78.74,Partial,39
41775,30060,2024-05-05,167.8,167.8,Paid,0
41776,30060,2024-06-01,167.8,0,Missed,54
41777,30060,2024-07-04,167.8,0,Missed,39
41778,30060,2024-08-03,167.8,96.76,Partial,37
41779,30060,2024-09-01,167.8,167.8,Paid,0
41780,30060,2024-09-29,167.8,167.8,Paid,0
41781,30060,2024-11-01,167.8,167.8,Paid,0
41782,30060,2024-11-27,167.8,167.8,Paid,0
41783,30060,2024-12-30,167.8,167.8,Paid,0
41784,30060,2025-01-25,167.8,167.8,Paid,0
41785,30060,2025-02-28,167.8,167.8,Paid,0
41786,30060,2025-03-28,167.8,167.8,Paid,0
41787,30060,2025-04-26,167.8,167.8,Paid,0
41788,30060,2025-05-28,167.8,167.8,Paid,0
41789,30060,2025-06-24,167.8,167.8,Paid,0
41790,30060,2025-07-25,167.8,167.8,Paid,0
41791,30060,2025-08-26,167.8,167.8,Paid,0
41792,30060,2025-09-27,167.8,167.8,Paid,0
41793,30060,2025-10-26,167.8,167.8,Paid,0
41794,30060,2025-11-24,167.8,167.8,Paid,0
41795,30060,2025-12-25,167.8,167.8,Paid,0
41796,30060,2026-01-23,167.8,0,Missed,47
41797,30060,2026-02-22,167.8,167.8,Paid,0
41798,30060,2026-03-24,167.8,167.8,Paid,0
41799,30060,2026-04-21,167.8,167.8,Paid,0
41800,30060,2026-05-23,167.8,167.8,Paid,0
41801,30061,2024-01-02,73.69,0,Missed,35
41802,30061,2024-02-04,73.69,73.69,Paid,0
41803,30061,2024-03-02,73.69,73.69,Paid,0
41804,30061,2024-03-31,73.69,73.69,Paid,0
41805,30061,2024-05-04,73.69,73.69,Paid,0
41806,30061,2024-05-30,73.69,73.69,Paid,0
41807,30061,2024-07-02,73.69,73.69,Paid,0
41808,30061,2024-07-31,73.69,73.69,Paid,0
41809,30061,2024-08-28,73.69,73.69,Paid,0
41810,30061,2024-09-27,73.69,73.69,Paid,0
41811,30061,2024-10-29,73.69,73.69,Paid,0
41812,30061,2024-11-29,73.69,73.69,Paid,0
41813,30061,2024-12-27,73.69,73.69,Paid,0
41814,30061,2025-01-29,73.69,73.69,Paid,0
41815,30061,2025-02-26,73.69,24.27,Partial,55
41816,30061,2025-03-31,73.69,73.69,Paid,0
41817,30061,2025-04-25,73.69,73.69,Paid,0
41818,30061,2025-05-25,73.69,73.69,Paid,0
41819,30061,2025-06-27,73.69,73.69,Paid,0
41820,30061,2025-07-26,73.69,73.69,Paid,0
41821,30061,2025-08-25,73.69,73.69,Paid,0
41822,30061,2025-09-25,73.69,73.69,Paid,0
41823,30061,2025-10-26,73.69,73.69,Paid,0
41824,30061,2025-11-22,73.69,73.69,Paid,0
41825,30061,2025-12-24,73.69,73.69,Paid,0
41826,30061,2026-01-25,73.69,73.69,Paid,0
41827,30061,2026-02-24,73.69,73.69,Paid,0
41828,30061,2026-03-25,73.69,73.69,Paid,0
41829,30061,2026-04-23,73.69,73.69,Paid,0
41830,30061,2026-05-23,73.69,73.69,Paid,0
41831,30062,2024-01-01,7245.1,0,Missed,59
41832,30062,2024-02-03,7245.1,7245.1,Paid,0
41833,30062,2024-03-06,7245.1,7245.1,Paid,0
41834,30062,2024-04-01,7245.1,7245.1,Paid,0
41835,30062,2024-05-04,7245.1,7245.1,Paid,0
41836,30062,2024-06-04,7245.1,7245.1,Paid,0
41837,30062,2024-07-04,7245.1,7245.1,Paid,0
41838,30062,2024-08-02,7245.1,7245.1,Paid,0
41839,30062,2024-09-01,7245.1,7245.1,Paid,0
41840,30062,2024-09-27,7245.1,0,Missed,36
41841,30062,2024-10-28,7245.1,7245.1,Paid,0
41842,30062,2024-11-30,7245.1,1971.9,Partial,62
41843,30062,2024-12-30,7245.1,7245.1,Paid,0
41844,30062,2025-01-25,7245.1,7245.1,Paid,0
41845,30062,2025-02-25,7245.1,7245.1,Paid,0
41846,30062,2025-03-31,7245.1,7245.1,Paid,0
41847,30062,2025-04-29,7245.1,7245.1,Paid,0
41848,30062,2025-05-29,7245.1,7245.1,Paid,0
41849,30062,2025-06-27,7245.1,7245.1,Paid,0
41850,30062,2025-07-27,7245.1,7245.1,Paid,0
41851,30062,2025-08-23,7245.1,7245.1,Paid,0
41852,30062,2025-09-23,7245.1,7245.1,Paid,0
41853,30062,2025-10-26,7245.1,7245.1,Paid,0
41854,30062,2025-11-23,7245.1,7245.1,Paid,0
41855,30062,2025-12-21,7245.1,7245.1,Paid,0
41856,30062,2026-01-22,7245.1,7245.1,Paid,0
41857,30062,2026-02-21,7245.1,7245.1,Paid,0
41858,30062,2026-03-22,7245.1,7245.1,Paid,0
41859,30062,2026-04-23,7245.1,7245.1,Paid,0
41860,30062,2026-05-20,7245.1,7245.1,Paid,0
41861,30063,2024-01-03,1356.81,1356.81,Paid,0
41862,30063,2024-02-05,1356.81,1356.81,Paid,0
41863,30063,2024-03-04,1356.81,1356.81,Paid,0
41864,30063,2024-04-01,1356.81,1356.81,Paid,0
41865,30063,2024-05-02,1356.81,1356.81,Paid,0
41866,30063,2024-05-30,1356.81,1356.81,Paid,0
41867,30063,2024-06-30,1356.81,1356.81,Paid,0
41868,30063,2024-08-02,1356.81,1356.81,Paid,0
41869,30063,2024-09-01,1356.81,1356.81,Paid,0
41870,30063,2024-09-30,1356.81,490.59,Partial,23
41871,30063,2024-10-30,1356.81,1356.81,Paid,0
41872,30063,2024-11-26,1356.81,1356.81,Paid,0
41873,30063,2024-12-29,1356.81,1356.81,Paid,0
41874,30063,2025-01-25,1356.81,1356.81,Paid,0
41875,30063,2025-02-28,1356.81,1356.81,Paid,0
41876,30063,2025-03-27,1356.81,1356.81,Paid,0
41877,30063,2025-04-30,1356.81,1356.81,Paid,0
41878,30063,2025-05-27,1356.81,1356.81,Paid,0
41879,30063,2025-06-27,1356.81,1356.81,Paid,0
41880,30063,2025-07-29,1356.81,1356.81,Paid,0
41881,30063,2025-08-24,1356.81,1356.81,Paid,0
41882,30063,2025-09-23,1356.81,1356.81,Paid,0
41883,30063,2025-10-26,1356.81,0,Missed,64
41884,30063,2025-11-25,1356.81,1356.81,Paid,0
41885,30063,2025-12-21,1356.81,1356.81,Paid,0
41886,30063,2026-01-24,1356.81,1356.81,Paid,0
41887,30063,2026-02-20,1356.81,1356.81,Paid,0
41888,30063,2026-03-24,1356.81,1356.81,Paid,0
41889,30063,2026-04-22,1356.81,1356.81,Paid,0
41890,30063,2026-05-23,1356.81,0,Missed,56
41891,30064,2024-01-06,625.04,625.04,Paid,0
41892,30064,2024-02-04,625.04,625.04,Paid,0
41893,30064,2024-03-02,625.04,625.04,Paid,0
41894,30064,2024-04-04,625.04,625.04,Paid,0
41895,30064,2024-04-30,625.04,625.04,Paid,0
41896,30064,2024-05-30,625.04,625.04,Paid,0
41897,30064,2024-07-04,625.04,625.04,Paid,0
41898,30064,2024-07-31,625.04,625.04,Paid,0
41899,30064,2024-08-29,625.04,625.04,Paid,0
41900,30064,2024-09-29,625.04,479.56,Partial,43
41901,30064,2024-10-29,625.04,0,Missed,48
41902,30064,2024-11-29,625.04,625.04,Paid,0
41903,30064,2024-12-31,625.04,0,Missed,24
41904,30064,2025-01-26,625.04,625.04,Paid,0
41905,30064,2025-02-28,625.04,625.04,Paid,0
41906,30064,2025-03-31,625.04,625.04,Paid,0
41907,30064,2025-04-25,625.04,625.04,Paid,0
41908,30064,2025-05-25,625.04,377.29,Partial,29
41909,30064,2025-06-28,625.04,388.76,Partial,51
41910,30064,2025-07-27,625.04,625.04,Paid,0
41911,30064,2025-08-28,625.04,625.04,Paid,0
41912,30064,2025-09-26,625.04,625.04,Paid,0
41913,30064,2025-10-27,625.04,625.04,Paid,0
41914,30064,2025-11-21,625.04,625.04,Paid,0
41915,30064,2025-12-24,625.04,625.04,Paid,0
41916,30064,2026-01-22,625.04,625.04,Paid,0
41917,30064,2026-02-24,625.04,0,Missed,10
41918,30064,2026-03-24,625.04,625.04,Paid,0
41919,30064,2026-04-21,625.04,625.04,Paid,0
41920,30064,2026-05-21,625.04,625.04,Paid,0
41921,30065,2024-01-03,306.43,306.43,Paid,0
41922,30065,2024-02-05,306.43,306.43,Paid,0
41923,30065,2024-03-01,306.43,306.43,Paid,0
41924,30065,2024-04-05,306.43,306.43,Paid,0
41925,30065,2024-05-05,306.43,306.43,Paid,0
41926,30065,2024-06-02,306.43,0,Missed,5
41927,30065,2024-07-01,306.43,306.43,Paid,0
41928,30065,2024-08-03,306.43,306.43,Paid,0
41929,30065,2024-08-29,306.43,306.43,Paid,0
41930,30065,2024-10-02,306.43,306.43,Paid,0
41931,30065,2024-10-29,306.43,306.43,Paid,0
41932,30065,2024-11-29,306.43,306.43,Paid,0
41933,30065,2024-12-27,306.43,306.43,Paid,0
41934,30065,2025-01-29,306.43,306.43,Paid,0
41935,30065,2025-02-28,306.43,306.43,Paid,0
41936,30065,2025-03-26,306.43,306.43,Paid,0
41937,30065,2025-04-30,306.43,306.43,Paid,0
41938,30065,2025-05-27,306.43,218.57,Partial,59
41939,30065,2025-06-28,306.43,306.43,Paid,0
41940,30065,2025-07-26,306.43,306.43,Paid,0
41941,30065,2025-08-28,306.43,306.43,Paid,0
41942,30065,2025-09-27,306.43,306.43,Paid,0
41943,30065,2025-10-26,306.43,306.43,Paid,0
41944,30065,2025-11-25,306.43,61.65,Partial,30
41945,30065,2025-12-26,306.43,306.43,Paid,0
41946,30065,2026-01-25,306.43,306.43,Paid,0
41947,30065,2026-02-21,306.43,306.43,Paid,0
41948,30065,2026-03-24,306.43,306.43,Paid,0
41949,30065,2026-04-25,306.43,306.43,Paid,0
41950,30065,2026-05-23,306.43,306.43,Paid,0
41951,30066,2024-01-01,1134.34,379.7,Partial,20
41952,30066,2024-02-03,1134.34,1134.34,Paid,0
41953,30066,2024-03-03,1134.34,1134.34,Paid,0
41954,30066,2024-04-01,1134.34,1134.34,Paid,0
41955,30066,2024-05-04,1134.34,1134.34,Paid,0
41956,30066,2024-06-04,1134.34,1134.34,Paid,0
41957,30066,2024-07-04,1134.34,1134.34,Paid,0
41958,30066,2024-07-29,1134.34,360.86,Partial,24
41959,30066,2024-08-30,1134.34,1134.34,Paid,0
41960,30066,2024-10-02,1134.34,1134.34,Paid,0
41961,30066,2024-10-30,1134.34,1134.34,Paid,0
41962,30066,2024-11-26,1134.34,1134.34,Paid,0
41963,30066,2024-12-31,1134.34,798.92,Partial,18
41964,30066,2025-01-25,1134.34,1134.34,Paid,0
41965,30066,2025-02-26,1134.34,1134.34,Paid,0
41966,30066,2025-03-28,1134.34,1134.34,Paid,0
41967,30066,2025-04-26,1134.34,754.85,Partial,42
41968,30066,2025-05-28,1134.34,1134.34,Paid,0
41969,30066,2025-06-29,1134.34,1134.34,Paid,0
41970,30066,2025-07-24,1134.34,1134.34,Paid,0
41971,30066,2025-08-23,1134.34,483.72,Partial,59
41972,30066,2025-09-27,1134.34,1134.34,Paid,0
41973,30066,2025-10-23,1134.34,1134.34,Paid,0
41974,30066,2025-11-24,1134.34,1134.34,Paid,0
41975,30066,2025-12-25,1134.34,1134.34,Paid,0
41976,30066,2026-01-20,1134.34,1134.34,Paid,0
41977,30066,2026-02-19,1134.34,1134.34,Paid,0
41978,30066,2026-03-23,1134.34,1134.34,Paid,0
41979,30066,2026-04-23,1134.34,1134.34,Paid,0
41980,30066,2026-05-23,1134.34,1134.34,Paid,0
41981,30067,2024-01-05,104.56,104.56,Paid,0
41982,30067,2024-02-04,104.56,104.56,Paid,0
41983,30067,2024-03-04,104.56,104.56,Paid,0
41984,30067,2024-04-03,104.56,104.56,Paid,0
41985,30067,2024-05-04,104.56,104.56,Paid,0
41986,30067,2024-06-04,104.56,70.03,Partial,32
41987,30067,2024-07-03,104.56,104.56,Paid,0
41988,30067,2024-07-30,104.56,104.56,Paid,0
41989,30067,2024-08-28,104.56,104.56,Paid,0
41990,30067,2024-09-27,104.56,104.56,Paid,0
41991,30067,2024-10-28,104.56,28.82,Partial,35
41992,30067,2024-11-28,104.56,104.56,Paid,0
41993,30067,2024-12-29,104.56,104.56,Paid,0
41994,30067,2025-01-28,104.56,104.56,Paid,0
41995,30067,2025-02-25,104.56,104.56,Paid,0
41996,30067,2025-03-26,104.56,104.56,Paid,0
41997,30067,2025-04-29,104.56,104.56,Paid,0
41998,30067,2025-05-30,104.56,104.56,Paid,0
41999,30067,2025-06-26,104.56,104.56,Paid,0
42000,30067,2025-07-28,104.56,104.56,Paid,0
42001,30067,2025-08-24,104.56,104.56,Paid,0
42002,30067,2025-09-26,104.56,104.56,Paid,0
42003,30067,2025-10-24,104.56,0,Missed,36
42004,30067,2025-11-25,104.56,104.56,Paid,0
42005,30067,2025-12-22,104.56,104.56,Paid,0
42006,30067,2026-01-24,104.56,104.56,Paid,0
42007,30067,2026-02-23,104.56,104.56,Paid,0
42008,30067,2026-03-24,104.56,104.56,Paid,0
42009,30067,2026-04-21,104.56,104.56,Paid,0
42010,30067,2026-05-21,104.56,104.56,Paid,0
42011,30068,2024-01-03,937.66,937.66,Paid,0
42012,30068,2024-02-03,937.66,937.66,Paid,0
42013,30068,2024-03-04,937.66,937.66,Paid,0
42014,30068,2024-04-02,937.66,937.66,Paid,0
42015,30068,2024-05-04,937.66,0,Missed,42
42016,30068,2024-06-01,937.66,937.66,Paid,0
42017,30068,2024-06-30,937.66,937.66,Paid,0
42018,30068,2024-07-29,937.66,937.66,Paid,0
42019,30068,2024-08-28,937.66,937.66,Paid,0
42020,30068,2024-10-02,937.66,937.66,Paid,0
42021,30068,2024-10-31,937.66,937.66,Paid,0
42022,30068,2024-11-29,937.66,937.66,Paid,0
42023,30068,2024-12-28,937.66,937.66,Paid,0
42024,30068,2025-01-28,937.66,937.66,Paid,0
42025,30068,2025-02-25,937.66,937.66,Paid,0
42026,30068,2025-03-26,937.66,937.66,Paid,0
42027,30068,2025-04-25,937.66,937.66,Paid,0
42028,30068,2025-05-29,937.66,937.66,Paid,0
42029,30068,2025-06-26,937.66,937.66,Paid,0
42030,30068,2025-07-29,937.66,937.66,Paid,0
42031,30068,2025-08-25,937.66,937.66,Paid,0
42032,30068,2025-09-22,937.66,937.66,Paid,0
42033,30068,2025-10-24,937.66,937.66,Paid,0
42034,30068,2025-11-23,937.66,937.66,Paid,0
42035,30068,2025-12-23,937.66,937.66,Paid,0
42036,30068,2026-01-21,937.66,937.66,Paid,0
42037,30068,2026-02-19,937.66,937.66,Paid,0
42038,30068,2026-03-23,937.66,199.34,Partial,46
42039,30068,2026-04-21,937.66,937.66,Paid,0
42040,30068,2026-05-20,937.66,937.66,Paid,0
42041,30069,2024-01-02,1917.66,1917.66,Paid,0
42042,30069,2024-02-01,1917.66,1917.66,Paid,0
42043,30069,2024-03-03,1917.66,1917.66,Paid,0
42044,30069,2024-04-04,1917.66,0,Missed,42
42045,30069,2024-05-03,1917.66,1917.66,Paid,0
42046,30069,2024-05-30,1917.66,1917.66,Paid,0
42047,30069,2024-06-30,1917.66,1917.66,Paid,0
42048,30069,2024-07-30,1917.66,1917.66,Paid,0
42049,30069,2024-09-02,1917.66,1917.66,Paid,0
42050,30069,2024-10-01,1917.66,1917.66,Paid,0
42051,30069,2024-11-01,1917.66,1917.66,Paid,0
42052,30069,2024-11-26,1917.66,1917.66,Paid,0
42053,30069,2024-12-30,1917.66,1917.66,Paid,0
42054,30069,2025-01-29,1917.66,1917.66,Paid,0
42055,30069,2025-02-25,1917.66,1917.66,Paid,0
42056,30069,2025-03-26,1917.66,1917.66,Paid,0
42057,30069,2025-04-27,1917.66,1917.66,Paid,0
42058,30069,2025-05-29,1917.66,0,Missed,59
42059,30069,2025-06-27,1917.66,1917.66,Paid,0
42060,30069,2025-07-24,1917.66,1917.66,Paid,0
42061,30069,2025-08-28,1917.66,1917.66,Paid,0
42062,30069,2025-09-23,1917.66,1917.66,Paid,0
42063,30069,2025-10-27,1917.66,1917.66,Paid,0
42064,30069,2025-11-23,1917.66,1917.66,Paid,0
42065,30069,2025-12-24,1917.66,1917.66,Paid,0
42066,30069,2026-01-25,1917.66,1917.66,Paid,0
42067,30069,2026-02-24,1917.66,1917.66,Paid,0
42068,30069,2026-03-24,1917.66,1917.66,Paid,0
42069,30069,2026-04-24,1917.66,1917.66,Paid,0
42070,30069,2026-05-24,1917.66,1917.66,Paid,0
42071,30070,2024-01-02,2229.06,2229.06,Paid,0
42072,30070,2024-02-01,2229.06,2229.06,Paid,0
42073,30070,2024-03-02,2229.06,2229.06,Paid,0
42074,30070,2024-04-02,2229.06,2229.06,Paid,0
42075,30070,2024-05-03,2229.06,2229.06,Paid,0
42076,30070,2024-06-01,2229.06,2229.06,Paid,0
42077,30070,2024-06-29,2229.06,2229.06,Paid,0
42078,30070,2024-07-29,2229.06,2229.06,Paid,0
42079,30070,2024-09-01,2229.06,2229.06,Paid,0
42080,30070,2024-10-01,2229.06,2229.06,Paid,0
42081,30070,2024-10-31,2229.06,2229.06,Paid,0
42082,30070,2024-11-29,2229.06,2229.06,Paid,0
42083,30070,2024-12-29,2229.06,2229.06,Paid,0
42084,30070,2025-01-28,2229.06,2229.06,Paid,0
42085,30070,2025-02-27,2229.06,2229.06,Paid,0
42086,30070,2025-03-29,2229.06,2229.06,Paid,0
42087,30070,2025-04-30,2229.06,2229.06,Paid,0
42088,30070,2025-05-25,2229.06,2229.06,Paid,0
42089,30070,2025-06-28,2229.06,2229.06,Paid,0
42090,30070,2025-07-29,2229.06,2229.06,Paid,0
42091,30070,2025-08-25,2229.06,577.43,Partial,7
42092,30070,2025-09-24,2229.06,2229.06,Paid,0
42093,30070,2025-10-23,2229.06,2229.06,Paid,0
42094,30070,2025-11-26,2229.06,2229.06,Paid,0
42095,30070,2025-12-23,2229.06,2229.06,Paid,0
42096,30070,2026-01-25,2229.06,2229.06,Paid,0
42097,30070,2026-02-20,2229.06,2229.06,Paid,0
42098,30070,2026-03-22,2229.06,0,Missed,51
42099,30070,2026-04-25,2229.06,2229.06,Paid,0
42100,30070,2026-05-22,2229.06,2229.06,Paid,0
42101,30071,2024-01-03,1104.78,1104.78,Paid,0
42102,30071,2024-02-02,1104.78,1104.78,Paid,0
42103,30071,2024-03-04,1104.78,765.74,Partial,51
42104,30071,2024-04-05,1104.78,1104.78,Paid,0
42105,30071,2024-05-05,1104.78,1104.78,Paid,0
42106,30071,2024-05-31,1104.78,1104.78,Paid,0
42107,30071,2024-06-30,1104.78,1104.78,Paid,0
42108,30071,2024-08-03,1104.78,1104.78,Paid,0
42109,30071,2024-08-29,1104.78,1104.78,Paid,0
42110,30071,2024-10-01,1104.78,1104.78,Paid,0
42111,30071,2024-11-01,1104.78,1104.78,Paid,0
42112,30071,2024-11-28,1104.78,1104.78,Paid,0
42113,30071,2024-12-28,1104.78,1104.78,Paid,0
42114,30071,2025-01-28,1104.78,1104.78,Paid,0
42115,30071,2025-03-01,1104.78,1104.78,Paid,0
42116,30071,2025-03-29,1104.78,1104.78,Paid,0
42117,30071,2025-04-29,1104.78,1104.78,Paid,0
42118,30071,2025-05-26,1104.78,1104.78,Paid,0
42119,30071,2025-06-25,1104.78,1104.78,Paid,0
42120,30071,2025-07-29,1104.78,1104.78,Paid,0
42121,30071,2025-08-28,1104.78,1104.78,Paid,0
42122,30071,2025-09-24,1104.78,1104.78,Paid,0
42123,30071,2025-10-25,1104.78,1104.78,Paid,0
42124,30071,2025-11-24,1104.78,1104.78,Paid,0
42125,30071,2025-12-26,1104.78,1104.78,Paid,0
42126,30071,2026-01-22,1104.78,1104.78,Paid,0
42127,30071,2026-02-23,1104.78,1104.78,Paid,0
42128,30071,2026-03-22,1104.78,1104.78,Paid,0
42129,30071,2026-04-22,1104.78,1104.78,Paid,0
42130,30071,2026-05-24,1104.78,601.36,Partial,28
42131,30072,2024-01-04,2514.18,2514.18,Paid,0
42132,30072,2024-02-03,2514.18,2514.18,Paid,0
42133,30072,2024-03-04,2514.18,2514.18,Paid,0
42134,30072,2024-03-31,2514.18,2514.18,Paid,0
42135,30072,2024-05-03,2514.18,2514.18,Paid,0
42136,30072,2024-06-01,2514.18,2514.18,Paid,0
42137,30072,2024-06-29,2514.18,2514.18,Paid,0
42138,30072,2024-07-30,2514.18,2514.18,Paid,0
42139,30072,2024-09-02,2514.18,2514.18,Paid,0
42140,30072,2024-09-27,2514.18,2514.18,Paid,0
42141,30072,2024-10-27,2514.18,1084.96,Partial,16
42142,30072,2024-11-27,2514.18,2514.18,Paid,0
42143,30072,2024-12-30,2514.18,2514.18,Paid,0
42144,30072,2025-01-25,2514.18,2514.18,Paid,0
42145,30072,2025-02-24,2514.18,2514.18,Paid,0
42146,30072,2025-03-29,2514.18,2514.18,Paid,0
42147,30072,2025-04-25,2514.18,2514.18,Paid,0
42148,30072,2025-05-28,2514.18,2514.18,Paid,0
42149,30072,2025-06-24,2514.18,2514.18,Paid,0
42150,30072,2025-07-25,2514.18,2514.18,Paid,0
42151,30072,2025-08-24,2514.18,2514.18,Paid,0
42152,30072,2025-09-27,2514.18,2514.18,Paid,0
42153,30072,2025-10-23,2514.18,2514.18,Paid,0
42154,30072,2025-11-23,2514.18,2514.18,Paid,0
42155,30072,2025-12-25,2514.18,2514.18,Paid,0
42156,30072,2026-01-23,2514.18,2514.18,Paid,0
42157,30072,2026-02-19,2514.18,0,Missed,31
42158,30072,2026-03-21,2514.18,2514.18,Paid,0
42159,30072,2026-04-24,2514.18,2514.18,Paid,0
42160,30072,2026-05-24,2514.18,2514.18,Paid,0
42161,30073,2024-01-05,1069.54,1069.54,Paid,0
42162,30073,2024-02-03,1069.54,1069.54,Paid,0
42163,30073,2024-03-01,1069.54,1069.54,Paid,0
42164,30073,2024-04-02,1069.54,1069.54,Paid,0
42165,30073,2024-05-03,1069.54,1069.54,Paid,0
42166,30073,2024-06-04,1069.54,1069.54,Paid,0
42167,30073,2024-07-02,1069.54,1069.54,Paid,0
42168,30073,2024-07-30,1069.54,1069.54,Paid,0
42169,30073,2024-08-29,1069.54,684.45,Partial,32
42170,30073,2024-09-30,1069.54,331.63,Partial,39
42171,30073,2024-10-27,1069.54,1069.54,Paid,0
42172,30073,2024-11-26,1069.54,1069.54,Paid,0
42173,30073,2024-12-27,1069.54,1069.54,Paid,0
42174,30073,2025-01-30,1069.54,1069.54,Paid,0
42175,30073,2025-03-01,1069.54,661.86,Partial,49
42176,30073,2025-03-27,1069.54,477.84,Partial,51
42177,30073,2025-04-29,1069.54,1069.54,Paid,0
42178,30073,2025-05-27,1069.54,1069.54,Paid,0
42179,30073,2025-06-24,1069.54,1069.54,Paid,0
42180,30073,2025-07-26,1069.54,1069.54,Paid,0
42181,30073,2025-08-24,1069.54,1069.54,Paid,0
42182,30073,2025-09-26,1069.54,1069.54,Paid,0
42183,30073,2025-10-22,1069.54,1069.54,Paid,0
42184,30073,2025-11-26,1069.54,1069.54,Paid,0
42185,30073,2025-12-24,1069.54,1069.54,Paid,0
42186,30073,2026-01-25,1069.54,1069.54,Paid,0
42187,30073,2026-02-20,1069.54,1069.54,Paid,0
42188,30073,2026-03-21,1069.54,1069.54,Paid,0
42189,30073,2026-04-25,1069.54,423.82,Partial,50
42190,30073,2026-05-23,1069.54,1069.54,Paid,0
42191,30074,2024-01-01,711.26,711.26,Paid,0
42192,30074,2024-02-05,711.26,711.26,Paid,0
42193,30074,2024-03-04,711.26,711.26,Paid,0
42194,30074,2024-04-02,711.26,711.26,Paid,0
42195,30074,2024-05-01,711.26,711.26,Paid,0
42196,30074,2024-06-03,711.26,711.26,Paid,0
42197,30074,2024-07-01,711.26,711.26,Paid,0
42198,30074,2024-08-03,711.26,711.26,Paid,0
42199,30074,2024-08-28,711.26,711.26,Paid,0
42200,30074,2024-09-27,711.26,711.26,Paid,0
42201,30074,2024-10-28,711.26,711.26,Paid,0
42202,30074,2024-11-27,711.26,711.26,Paid,0
42203,30074,2024-12-26,711.26,369.41,Partial,31
42204,30074,2025-01-30,711.26,711.26,Paid,0
42205,30074,2025-03-01,711.26,711.26,Paid,0
42206,30074,2025-03-31,711.26,711.26,Paid,0
42207,30074,2025-04-30,711.26,308.95,Partial,22
42208,30074,2025-05-28,711.26,711.26,Paid,0
42209,30074,2025-06-24,711.26,711.26,Paid,0
42210,30074,2025-07-27,711.26,711.26,Paid,0
42211,30074,2025-08-24,711.26,711.26,Paid,0
42212,30074,2025-09-23,711.26,711.26,Paid,0
42213,30074,2025-10-22,711.26,711.26,Paid,0
42214,30074,2025-11-21,711.26,711.26,Paid,0
42215,30074,2025-12-22,711.26,711.26,Paid,0
42216,30074,2026-01-20,711.26,711.26,Paid,0
42217,30074,2026-02-19,711.26,711.26,Paid,0
42218,30074,2026-03-26,711.26,711.26,Paid,0
42219,30074,2026-04-21,711.26,711.26,Paid,0
42220,30074,2026-05-24,711.26,711.26,Paid,0
42221,30075,2024-01-03,561.1,561.1,Paid,0
42222,30075,2024-02-05,561.1,561.1,Paid,0
42223,30075,2024-03-02,561.1,245.22,Partial,30
42224,30075,2024-03-31,561.1,561.1,Paid,0
42225,30075,2024-04-30,561.1,561.1,Paid,0
42226,30075,2024-05-31,561.1,561.1,Paid,0
42227,30075,2024-07-04,561.1,561.1,Paid,0
42228,30075,2024-08-01,561.1,561.1,Paid,0
42229,30075,2024-08-29,561.1,561.1,Paid,0
42230,30075,2024-09-29,561.1,561.1,Paid,0
42231,30075,2024-10-29,561.1,561.1,Paid,0
42232,30075,2024-11-27,561.1,561.1,Paid,0
42233,30075,2024-12-30,561.1,561.1,Paid,0
42234,30075,2025-01-25,561.1,561.1,Paid,0
42235,30075,2025-02-28,561.1,561.1,Paid,0
42236,30075,2025-03-26,561.1,561.1,Paid,0
42237,30075,2025-04-30,561.1,561.1,Paid,0
42238,30075,2025-05-30,561.1,371.92,Partial,11
42239,30075,2025-06-26,561.1,561.1,Paid,0
42240,30075,2025-07-29,561.1,561.1,Paid,0
42241,30075,2025-08-28,561.1,561.1,Paid,0
42242,30075,2025-09-24,561.1,561.1,Paid,0
42243,30075,2025-10-26,561.1,561.1,Paid,0
42244,30075,2025-11-25,561.1,561.1,Paid,0
42245,30075,2025-12-22,561.1,561.1,Paid,0
42246,30075,2026-01-25,561.1,0,Missed,17
42247,30075,2026-02-19,561.1,561.1,Paid,0
42248,30075,2026-03-21,561.1,561.1,Paid,0
42249,30075,2026-04-25,561.1,561.1,Paid,0
42250,30075,2026-05-21,561.1,561.1,Paid,0
42251,30076,2024-01-01,641.24,641.24,Paid,0
42252,30076,2024-02-03,641.24,641.24,Paid,0
42253,30076,2024-03-02,641.24,641.24,Paid,0
42254,30076,2024-04-05,641.24,641.24,Paid,0
42255,30076,2024-05-05,641.24,641.24,Paid,0
42256,30076,2024-06-02,641.24,641.24,Paid,0
42257,30076,2024-07-01,641.24,641.24,Paid,0
42258,30076,2024-07-31,641.24,641.24,Paid,0
42259,30076,2024-08-28,641.24,641.24,Paid,0
42260,30076,2024-09-30,641.24,641.24,Paid,0
42261,30076,2024-10-29,641.24,641.24,Paid,0
42262,30076,2024-11-27,641.24,641.24,Paid,0
42263,30076,2024-12-28,641.24,641.24,Paid,0
42264,30076,2025-01-26,641.24,641.24,Paid,0
42265,30076,2025-03-01,641.24,0,Missed,54
42266,30076,2025-03-31,641.24,641.24,Paid,0
42267,30076,2025-04-26,641.24,641.24,Paid,0
42268,30076,2025-05-28,641.24,641.24,Paid,0
42269,30076,2025-06-25,641.24,641.24,Paid,0
42270,30076,2025-07-24,641.24,641.24,Paid,0
42271,30076,2025-08-26,641.24,641.24,Paid,0
42272,30076,2025-09-23,641.24,641.24,Paid,0
42273,30076,2025-10-23,641.24,176.56,Partial,14
42274,30076,2025-11-25,641.24,641.24,Paid,0
42275,30076,2025-12-22,641.24,641.24,Paid,0
42276,30076,2026-01-20,641.24,641.24,Paid,0
42277,30076,2026-02-22,641.24,641.24,Paid,0
42278,30076,2026-03-26,641.24,0,Missed,45
42279,30076,2026-04-23,641.24,0,Missed,45
42280,30076,2026-05-21,641.24,0,Missed,45
42281,30077,2024-01-05,921.76,921.76,Paid,0
42282,30077,2024-02-05,921.76,921.76,Paid,0
42283,30077,2024-03-04,921.76,921.76,Paid,0
42284,30077,2024-04-02,921.76,921.76,Paid,0
42285,30077,2024-05-01,921.76,921.76,Paid,0
42286,30077,2024-06-02,921.76,921.76,Paid,0
42287,30077,2024-07-04,921.76,921.76,Paid,0
42288,30077,2024-07-30,921.76,921.76,Paid,0
42289,30077,2024-08-31,921.76,921.76,Paid,0
42290,30077,2024-09-30,921.76,921.76,Paid,0
42291,30077,2024-10-27,921.76,921.76,Paid,0
42292,30077,2024-11-28,921.76,921.76,Paid,0
42293,30077,2024-12-27,921.76,921.76,Paid,0
42294,30077,2025-01-26,921.76,921.76,Paid,0
42295,30077,2025-02-27,921.76,921.76,Paid,0
42296,30077,2025-03-28,921.76,921.76,Paid,0
42297,30077,2025-04-29,921.76,921.76,Paid,0
42298,30077,2025-05-27,921.76,921.76,Paid,0
42299,30077,2025-06-27,921.76,921.76,Paid,0
42300,30077,2025-07-25,921.76,921.76,Paid,0
42301,30077,2025-08-27,921.76,921.76,Paid,0
42302,30077,2025-09-24,921.76,921.76,Paid,0
42303,30077,2025-10-25,921.76,721.09,Partial,26
42304,30077,2025-11-24,921.76,921.76,Paid,0
42305,30077,2025-12-26,921.76,0,Missed,7
42306,30077,2026-01-23,921.76,733.24,Partial,10
42307,30077,2026-02-22,921.76,274.15,Partial,51
42308,30077,2026-03-24,921.76,0,Missed,52
42309,30077,2026-04-25,921.76,921.76,Paid,0
42310,30077,2026-05-25,921.76,921.76,Paid,0
42311,30078,2024-01-06,1050.03,1050.03,Paid,0
42312,30078,2024-01-31,1050.03,1050.03,Paid,0
42313,30078,2024-03-04,1050.03,1050.03,Paid,0
42314,30078,2024-04-01,1050.03,1050.03,Paid,0
42315,30078,2024-05-02,1050.03,1050.03,Paid,0
42316,30078,2024-06-04,1050.03,1050.03,Paid,0
42317,30078,2024-07-04,1050.03,1050.03,Paid,0
42318,30078,2024-07-31,1050.03,1050.03,Paid,0
42319,30078,2024-09-02,1050.03,1050.03,Paid,0
42320,30078,2024-09-28,1050.03,1050.03,Paid,0
42321,30078,2024-11-01,1050.03,1050.03,Paid,0
42322,30078,2024-11-26,1050.03,1050.03,Paid,0
42323,30078,2024-12-26,1050.03,1050.03,Paid,0
42324,30078,2025-01-28,1050.03,1050.03,Paid,0
42325,30078,2025-02-28,1050.03,0,Missed,8
42326,30078,2025-03-30,1050.03,761.91,Partial,13
42327,30078,2025-04-28,1050.03,1050.03,Paid,0
42328,30078,2025-05-27,1050.03,1050.03,Paid,0
42329,30078,2025-06-28,1050.03,1050.03,Paid,0
42330,30078,2025-07-27,1050.03,1050.03,Paid,0
42331,30078,2025-08-28,1050.03,1050.03,Paid,0
42332,30078,2025-09-27,1050.03,1050.03,Paid,0
42333,30078,2025-10-22,1050.03,1050.03,Paid,0
42334,30078,2025-11-23,1050.03,1050.03,Paid,0
42335,30078,2025-12-23,1050.03,1050.03,Paid,0
42336,30078,2026-01-25,1050.03,1050.03,Paid,0
42337,30078,2026-02-21,1050.03,1050.03,Paid,0
42338,30078,2026-03-22,1050.03,1050.03,Paid,0
42339,30078,2026-04-20,1050.03,1050.03,Paid,0
42340,30078,2026-05-25,1050.03,1050.03,Paid,0
42341,30079,2024-01-04,912.77,912.77,Paid,0
42342,30079,2024-02-05,912.77,912.77,Paid,0
42343,30079,2024-03-02,912.77,912.77,Paid,0
42344,30079,2024-04-05,912.77,912.77,Paid,0
42345,30079,2024-05-03,912.77,912.77,Paid,0
42346,30079,2024-05-30,912.77,912.77,Paid,0
42347,30079,2024-06-30,912.77,912.77,Paid,0
42348,30079,2024-07-29,912.77,912.77,Paid,0
42349,30079,2024-08-29,912.77,912.77,Paid,0
42350,30079,2024-09-30,912.77,912.77,Paid,0
42351,30079,2024-10-31,912.77,912.77,Paid,0
42352,30079,2024-12-01,912.77,912.77,Paid,0
42353,30079,2024-12-28,912.77,912.77,Paid,0
42354,30079,2025-01-25,912.77,912.77,Paid,0
42355,30079,2025-02-26,912.77,912.77,Paid,0
42356,30079,2025-03-27,912.77,912.77,Paid,0
42357,30079,2025-04-30,912.77,912.77,Paid,0
42358,30079,2025-05-25,912.77,912.77,Paid,0
42359,30079,2025-06-24,912.77,912.77,Paid,0
42360,30079,2025-07-24,912.77,912.77,Paid,0
42361,30079,2025-08-27,912.77,912.77,Paid,0
42362,30079,2025-09-25,912.77,912.77,Paid,0
42363,30079,2025-10-24,912.77,441.73,Partial,24
42364,30079,2025-11-25,912.77,912.77,Paid,0
42365,30079,2025-12-23,912.77,912.77,Paid,0
42366,30079,2026-01-22,912.77,0,Missed,55
42367,30079,2026-02-20,912.77,546.79,Partial,27
42368,30079,2026-03-25,912.77,912.77,Paid,0
42369,30079,2026-04-22,912.77,912.77,Paid,0
42370,30079,2026-05-20,912.77,912.77,Paid,0
42371,30080,2024-01-06,951.19,951.19,Paid,0
42372,30080,2024-02-01,951.19,951.19,Paid,0
42373,30080,2024-03-01,951.19,951.19,Paid,0
42374,30080,2024-04-02,951.19,0,Missed,51
42375,30080,2024-05-01,951.19,951.19,Paid,0
42376,30080,2024-06-03,951.19,951.19,Paid,0
42377,30080,2024-07-02,951.19,951.19,Paid,0
42378,30080,2024-08-03,951.19,951.19,Paid,0
42379,30080,2024-09-02,951.19,0,Missed,55
42380,30080,2024-09-29,951.19,951.19,Paid,0
42381,30080,2024-10-29,951.19,951.19,Paid,0
42382,30080,2024-12-01,951.19,951.19,Paid,0
42383,30080,2024-12-29,951.19,951.19,Paid,0
42384,30080,2025-01-28,951.19,951.19,Paid,0
42385,30080,2025-02-28,951.19,951.19,Paid,0
42386,30080,2025-03-28,951.19,951.19,Paid,0
42387,30080,2025-04-28,951.19,0,Missed,57
42388,30080,2025-05-30,951.19,609.3,Partial,21
42389,30080,2025-06-28,951.19,951.19,Paid,0
42390,30080,2025-07-25,951.19,951.19,Paid,0
42391,30080,2025-08-27,951.19,951.19,Paid,0
42392,30080,2025-09-27,951.19,951.19,Paid,0
42393,30080,2025-10-23,951.19,951.19,Paid,0
42394,30080,2025-11-21,951.19,951.19,Paid,0
42395,30080,2025-12-26,951.19,0,Missed,58
42396,30080,2026-01-23,951.19,951.19,Paid,0
42397,30080,2026-02-22,951.19,0,Missed,33
42398,30080,2026-03-26,951.19,951.19,Paid,0
42399,30080,2026-04-21,951.19,951.19,Paid,0
42400,30080,2026-05-25,951.19,951.19,Paid,0
42401,30081,2024-01-01,290.48,290.48,Paid,0
42402,30081,2024-02-05,290.48,290.48,Paid,0
42403,30081,2024-03-03,290.48,191.65,Partial,17
42404,30081,2024-04-05,290.48,290.48,Paid,0
42405,30081,2024-05-03,290.48,0,Missed,45
42406,30081,2024-05-30,290.48,290.48,Paid,0
42407,30081,2024-07-03,290.48,290.48,Paid,0
42408,30081,2024-08-01,290.48,290.48,Paid,0
42409,30081,2024-09-02,290.48,290.48,Paid,0
42410,30081,2024-09-28,290.48,191.66,Partial,41
42411,30081,2024-10-27,290.48,290.48,Paid,0
42412,30081,2024-11-29,290.48,187.59,Partial,49
42413,30081,2024-12-29,290.48,290.48,Paid,0
42414,30081,2025-01-29,290.48,0,Missed,30
42415,30081,2025-02-25,290.48,290.48,Paid,0
42416,30081,2025-03-26,290.48,290.48,Paid,0
42417,30081,2025-04-25,290.48,290.48,Paid,0
42418,30081,2025-05-30,290.48,290.48,Paid,0
42419,30081,2025-06-25,290.48,290.48,Paid,0
42420,30081,2025-07-24,290.48,290.48,Paid,0
42421,30081,2025-08-24,290.48,290.48,Paid,0
42422,30081,2025-09-25,290.48,290.48,Paid,0
42423,30081,2025-10-22,290.48,290.48,Paid,0
42424,30081,2025-11-25,290.48,290.48,Paid,0
42425,30081,2025-12-24,290.48,0,Missed,23
42426,30081,2026-01-22,290.48,290.48,Paid,0
42427,30081,2026-02-20,290.48,290.48,Paid,0
42428,30081,2026-03-25,290.48,290.48,Paid,0
42429,30081,2026-04-20,290.48,290.48,Paid,0
42430,30081,2026-05-24,290.48,290.48,Paid,0
42431,30082,2024-01-03,1196.75,1196.75,Paid,0
42432,30082,2024-02-02,1196.75,1196.75,Paid,0
42433,30082,2024-03-04,1196.75,1196.75,Paid,0
42434,30082,2024-04-01,1196.75,1196.75,Paid,0
42435,30082,2024-05-01,1196.75,1196.75,Paid,0
42436,30082,2024-06-04,1196.75,1196.75,Paid,0
42437,30082,2024-07-01,1196.75,1196.75,Paid,0
42438,30082,2024-08-03,1196.75,1196.75,Paid,0
42439,30082,2024-09-02,1196.75,1196.75,Paid,0
42440,30082,2024-10-02,1196.75,1196.75,Paid,0
42441,30082,2024-10-30,1196.75,1196.75,Paid,0
42442,30082,2024-11-29,1196.75,1196.75,Paid,0
42443,30082,2024-12-28,1196.75,1196.75,Paid,0
42444,30082,2025-01-30,1196.75,1196.75,Paid,0
42445,30082,2025-03-01,1196.75,400.96,Partial,50
42446,30082,2025-03-26,1196.75,796.58,Partial,57
42447,30082,2025-04-28,1196.75,1196.75,Paid,0
42448,30082,2025-05-27,1196.75,0,Missed,45
42449,30082,2025-06-25,1196.75,0,Missed,38
42450,30082,2025-07-27,1196.75,1196.75,Paid,0
42451,30082,2025-08-28,1196.75,1196.75,Paid,0
42452,30082,2025-09-24,1196.75,1196.75,Paid,0
42453,30082,2025-10-25,1196.75,1196.75,Paid,0
42454,30082,2025-11-26,1196.75,1196.75,Paid,0
42455,30082,2025-12-26,1196.75,742.78,Partial,38
42456,30082,2026-01-23,1196.75,1196.75,Paid,0
42457,30082,2026-02-21,1196.75,1196.75,Paid,0
42458,30082,2026-03-25,1196.75,1196.75,Paid,0
42459,30082,2026-04-20,1196.75,1196.75,Paid,0
42460,30082,2026-05-25,1196.75,1196.75,Paid,0
42461,30083,2024-01-06,2338.04,2338.04,Paid,0
42462,30083,2024-02-01,2338.04,2338.04,Paid,0
42463,30083,2024-03-04,2338.04,2338.04,Paid,0
42464,30083,2024-04-01,2338.04,2338.04,Paid,0
42465,30083,2024-05-05,2338.04,2338.04,Paid,0
42466,30083,2024-06-04,2338.04,2338.04,Paid,0
42467,30083,2024-07-04,2338.04,2338.04,Paid,0
42468,30083,2024-07-29,2338.04,2338.04,Paid,0
42469,30083,2024-08-29,2338.04,2338.04,Paid,0
42470,30083,2024-09-30,2338.04,2338.04,Paid,0
42471,30083,2024-10-28,2338.04,602.35,Partial,65
42472,30083,2024-11-29,2338.04,2338.04,Paid,0
42473,30083,2024-12-26,2338.04,2338.04,Paid,0
42474,30083,2025-01-29,2338.04,2338.04,Paid,0
42475,30083,2025-02-28,2338.04,2338.04,Paid,0
42476,30083,2025-03-27,2338.04,2338.04,Paid,0
42477,30083,2025-04-28,2338.04,2338.04,Paid,0
42478,30083,2025-05-25,2338.04,2338.04,Paid,0
42479,30083,2025-06-27,2338.04,2338.04,Paid,0
42480,30083,2025-07-28,2338.04,0,Missed,44
42481,30083,2025-08-28,2338.04,2338.04,Paid,0
42482,30083,2025-09-27,2338.04,0,Missed,45
42483,30083,2025-10-27,2338.04,2338.04,Paid,0
42484,30083,2025-11-24,2338.04,2338.04,Paid,0
42485,30083,2025-12-26,2338.04,2338.04,Paid,0
42486,30083,2026-01-25,2338.04,2338.04,Paid,0
42487,30083,2026-02-21,2338.04,2338.04,Paid,0
42488,30083,2026-03-21,2338.04,2338.04,Paid,0
42489,30083,2026-04-23,2338.04,2338.04,Paid,0
42490,30083,2026-05-24,2338.04,2338.04,Paid,0
42491,30084,2024-01-05,492.67,492.67,Paid,0
42492,30084,2024-02-04,492.67,492.67,Paid,0
42493,30084,2024-03-06,492.67,492.67,Paid,0
42494,30084,2024-04-04,492.67,492.67,Paid,0
42495,30084,2024-05-03,492.67,0,Missed,47
42496,30084,2024-06-02,492.67,492.67,Paid,0
42497,30084,2024-06-30,492.67,492.67,Paid,0
42498,30084,2024-07-29,492.67,492.67,Paid,0
42499,30084,2024-09-01,492.67,492.67,Paid,0
42500,30084,2024-10-02,492.67,492.67,Paid,0
42501,30084,2024-10-31,492.67,492.67,Paid,0
42502,30084,2024-11-30,492.67,492.67,Paid,0
42503,30084,2024-12-30,492.67,492.67,Paid,0
42504,30084,2025-01-29,492.67,492.67,Paid,0
42505,30084,2025-03-01,492.67,492.67,Paid,0
42506,30084,2025-03-27,492.67,0,Missed,60
42507,30084,2025-04-25,492.67,492.67,Paid,0
42508,30084,2025-05-29,492.67,492.67,Paid,0
42509,30084,2025-06-24,492.67,492.67,Paid,0
42510,30084,2025-07-26,492.67,492.67,Paid,0
42511,30084,2025-08-24,492.67,492.67,Paid,0
42512,30084,2025-09-27,492.67,492.67,Paid,0
42513,30084,2025-10-26,492.67,492.67,Paid,0
42514,30084,2025-11-21,492.67,492.67,Paid,0
42515,30084,2025-12-21,492.67,492.67,Paid,0
42516,30084,2026-01-22,492.67,0,Missed,13
42517,30084,2026-02-22,492.67,0,Missed,45
42518,30084,2026-03-21,492.67,492.67,Paid,0
42519,30084,2026-04-20,492.67,252.08,Partial,53
42520,30084,2026-05-22,492.67,492.67,Paid,0
42521,30085,2024-01-04,1782.63,1782.63,Paid,0
42522,30085,2024-02-03,1782.63,1782.63,Paid,0
42523,30085,2024-03-05,1782.63,1422.68,Partial,41
42524,30085,2024-04-04,1782.63,1782.63,Paid,0
42525,30085,2024-05-05,1782.63,1782.63,Paid,0
42526,30085,2024-05-30,1782.63,1782.63,Paid,0
42527,30085,2024-06-30,1782.63,1782.63,Paid,0
42528,30085,2024-07-30,1782.63,0,Missed,41
42529,30085,2024-09-01,1782.63,1782.63,Paid,0
42530,30085,2024-09-29,1782.63,1782.63,Paid,0
42531,30085,2024-11-01,1782.63,1782.63,Paid,0
42532,30085,2024-11-26,1782.63,1782.63,Paid,0
42533,30085,2024-12-28,1782.63,1782.63,Paid,0
42534,30085,2025-01-26,1782.63,1782.63,Paid,0
42535,30085,2025-02-24,1782.63,1080.12,Partial,63
42536,30085,2025-03-31,1782.63,1782.63,Paid,0
42537,30085,2025-04-26,1782.63,1782.63,Paid,0
42538,30085,2025-05-30,1782.63,1782.63,Paid,0
42539,30085,2025-06-29,1782.63,1782.63,Paid,0
42540,30085,2025-07-25,1782.63,1782.63,Paid,0
42541,30085,2025-08-27,1782.63,1782.63,Paid,0
42542,30085,2025-09-26,1782.63,1782.63,Paid,0
42543,30085,2025-10-25,1782.63,1782.63,Paid,0
42544,30085,2025-11-23,1782.63,0,Missed,30
42545,30085,2025-12-24,1782.63,1782.63,Paid,0
42546,30085,2026-01-24,1782.63,1782.63,Paid,0
42547,30085,2026-02-21,1782.63,1782.63,Paid,0
42548,30085,2026-03-21,1782.63,1782.63,Paid,0
42549,30085,2026-04-23,1782.63,1782.63,Paid,0
42550,30085,2026-05-25,1782.63,1782.63,Paid,0
42551,30086,2024-01-03,1272.51,1272.51,Paid,0
42552,30086,2024-02-01,1272.51,1272.51,Paid,0
42553,30086,2024-03-02,1272.51,1272.51,Paid,0
42554,30086,2024-03-31,1272.51,1272.51,Paid,0
42555,30086,2024-05-01,1272.51,1272.51,Paid,0
42556,30086,2024-05-30,1272.51,1272.51,Paid,0
42557,30086,2024-06-29,1272.51,1272.51,Paid,0
42558,30086,2024-08-03,1272.51,1272.51,Paid,0
42559,30086,2024-09-01,1272.51,1272.51,Paid,0
42560,30086,2024-09-30,1272.51,1272.51,Paid,0
42561,30086,2024-10-29,1272.51,1272.51,Paid,0
42562,30086,2024-11-28,1272.51,1272.51,Paid,0
42563,30086,2024-12-30,1272.51,1272.51,Paid,0
42564,30086,2025-01-25,1272.51,1272.51,Paid,0
42565,30086,2025-02-27,1272.51,1272.51,Paid,0
42566,30086,2025-03-31,1272.51,1272.51,Paid,0
42567,30086,2025-04-29,1272.51,1272.51,Paid,0
42568,30086,2025-05-28,1272.51,1272.51,Paid,0
42569,30086,2025-06-25,1272.51,1272.51,Paid,0
42570,30086,2025-07-29,1272.51,1272.51,Paid,0
42571,30086,2025-08-24,1272.51,1272.51,Paid,0
42572,30086,2025-09-23,1272.51,1272.51,Paid,0
42573,30086,2025-10-27,1272.51,1272.51,Paid,0
42574,30086,2025-11-26,1272.51,1272.51,Paid,0
42575,30086,2025-12-23,1272.51,1272.51,Paid,0
42576,30086,2026-01-21,1272.51,1272.51,Paid,0
42577,30086,2026-02-22,1272.51,1272.51,Paid,0
42578,30086,2026-03-22,1272.51,1272.51,Paid,0
42579,30086,2026-04-22,1272.51,1272.51,Paid,0
42580,30086,2026-05-24,1272.51,1272.51,Paid,0
42581,30087,2024-01-04,233.84,233.84,Paid,0
42582,30087,2024-02-05,233.84,160.98,Partial,22
42583,30087,2024-03-06,233.84,233.84,Paid,0
42584,30087,2024-04-02,233.84,233.84,Paid,0
42585,30087,2024-05-02,233.84,233.84,Paid,0
42586,30087,2024-06-04,233.84,233.84,Paid,0
42587,30087,2024-07-04,233.84,233.84,Paid,0
42588,30087,2024-07-29,233.84,233.84,Paid,0
42589,30087,2024-08-28,233.84,233.84,Paid,0
42590,30087,2024-09-29,233.84,233.84,Paid,0
42591,30087,2024-10-30,233.84,233.84,Paid,0
42592,30087,2024-11-26,233.84,0,Missed,30
42593,30087,2024-12-31,233.84,233.84,Paid,0
42594,30087,2025-01-30,233.84,233.84,Paid,0
42595,30087,2025-02-27,233.84,233.84,Paid,0
42596,30087,2025-03-31,233.84,144.68,Partial,28
42597,30087,2025-04-25,233.84,233.84,Paid,0
42598,30087,2025-05-30,233.84,233.84,Paid,0
42599,30087,2025-06-27,233.84,233.84,Paid,0
42600,30087,2025-07-29,233.84,233.84,Paid,0
42601,30087,2025-08-28,233.84,233.84,Paid,0
42602,30087,2025-09-26,233.84,233.84,Paid,0
42603,30087,2025-10-22,233.84,233.84,Paid,0
42604,30087,2025-11-22,233.84,233.84,Paid,0
42605,30087,2025-12-25,233.84,71.3,Partial,26
42606,30087,2026-01-21,233.84,233.84,Paid,0
42607,30087,2026-02-19,233.84,233.84,Paid,0
42608,30087,2026-03-24,233.84,233.84,Paid,0
42609,30087,2026-04-20,233.84,233.84,Paid,0
42610,30087,2026-05-25,233.84,233.84,Paid,0
42611,30088,2024-01-05,124.93,124.93,Paid,0
42612,30088,2024-01-31,124.93,124.93,Paid,0
42613,30088,2024-03-04,124.93,124.93,Paid,0
42614,30088,2024-04-01,124.93,124.93,Paid,0
42615,30088,2024-05-05,124.93,124.93,Paid,0
42616,30088,2024-05-31,124.93,94.63,Partial,64
42617,30088,2024-07-04,124.93,124.93,Paid,0
42618,30088,2024-07-29,124.93,91.89,Partial,57
42619,30088,2024-08-31,124.93,124.93,Paid,0
42620,30088,2024-09-27,124.93,124.93,Paid,0
42621,30088,2024-10-29,124.93,124.93,Paid,0
42622,30088,2024-11-26,124.93,124.93,Paid,0
42623,30088,2024-12-31,124.93,124.93,Paid,0
42624,30088,2025-01-27,124.93,124.93,Paid,0
42625,30088,2025-02-27,124.93,124.93,Paid,0
42626,30088,2025-03-26,124.93,124.93,Paid,0
42627,30088,2025-04-26,124.93,124.93,Paid,0
42628,30088,2025-05-28,124.93,124.93,Paid,0
42629,30088,2025-06-29,124.93,124.93,Paid,0
42630,30088,2025-07-27,124.93,124.93,Paid,0
42631,30088,2025-08-25,124.93,124.93,Paid,0
42632,30088,2025-09-23,124.93,124.93,Paid,0
42633,30088,2025-10-24,124.93,124.93,Paid,0
42634,30088,2025-11-24,124.93,124.93,Paid,0
42635,30088,2025-12-24,124.93,124.93,Paid,0
42636,30088,2026-01-22,124.93,124.93,Paid,0
42637,30088,2026-02-19,124.93,124.93,Paid,0
42638,30088,2026-03-26,124.93,124.93,Paid,0
42639,30088,2026-04-21,124.93,124.93,Paid,0
42640,30088,2026-05-21,124.93,124.93,Paid,0
42641,30089,2024-01-06,7163.41,7163.41,Paid,0
42642,30089,2024-01-31,7163.41,7163.41,Paid,0
42643,30089,2024-03-02,7163.41,5557.51,Partial,65
42644,30089,2024-04-02,7163.41,7163.41,Paid,0
42645,30089,2024-05-03,7163.41,7163.41,Paid,0
42646,30089,2024-06-04,7163.41,7163.41,Paid,0
42647,30089,2024-07-01,7163.41,7163.41,Paid,0
42648,30089,2024-08-01,7163.41,7163.41,Paid,0
42649,30089,2024-09-02,7163.41,7163.41,Paid,0
42650,30089,2024-09-30,7163.41,7163.41,Paid,0
42651,30089,2024-10-27,7163.41,7163.41,Paid,0
42652,30089,2024-11-27,7163.41,7163.41,Paid,0
42653,30089,2024-12-30,7163.41,7163.41,Paid,0
42654,30089,2025-01-30,7163.41,7163.41,Paid,0
42655,30089,2025-03-01,7163.41,7163.41,Paid,0
42656,30089,2025-03-29,7163.41,0,Missed,50
42657,30089,2025-04-25,7163.41,7163.41,Paid,0
42658,30089,2025-05-27,7163.41,7163.41,Paid,0
42659,30089,2025-06-24,7163.41,7163.41,Paid,0
42660,30089,2025-07-25,7163.41,7163.41,Paid,0
42661,30089,2025-08-28,7163.41,7163.41,Paid,0
42662,30089,2025-09-23,7163.41,7163.41,Paid,0
42663,30089,2025-10-22,7163.41,7163.41,Paid,0
42664,30089,2025-11-26,7163.41,7163.41,Paid,0
42665,30089,2025-12-24,7163.41,7163.41,Paid,0
42666,30089,2026-01-25,7163.41,7163.41,Paid,0
42667,30089,2026-02-19,7163.41,7163.41,Paid,0
42668,30089,2026-03-25,7163.41,7163.41,Paid,0
42669,30089,2026-04-21,7163.41,0,Missed,40
42670,30089,2026-05-25,7163.41,7163.41,Paid,0
42671,30090,2024-01-02,1841.26,1841.26,Paid,0
42672,30090,2024-02-03,1841.26,1841.26,Paid,0
42673,30090,2024-03-02,1841.26,839.21,Partial,42
42674,30090,2024-04-01,1841.26,1841.26,Paid,0
42675,30090,2024-04-30,1841.26,1841.26,Paid,0
42676,30090,2024-06-03,1841.26,1841.26,Paid,0
42677,30090,2024-07-04,1841.26,0,Missed,17
42678,30090,2024-07-31,1841.26,1841.26,Paid,0
42679,30090,2024-08-28,1841.26,1841.26,Paid,0
42680,30090,2024-10-02,1841.26,1841.26,Paid,0
42681,30090,2024-10-27,1841.26,1841.26,Paid,0
42682,30090,2024-11-28,1841.26,1154.38,Partial,18
42683,30090,2024-12-28,1841.26,569.04,Partial,3
42684,30090,2025-01-25,1841.26,1841.26,Paid,0
42685,30090,2025-02-26,1841.26,1841.26,Paid,0
42686,30090,2025-03-29,1841.26,1841.26,Paid,0
42687,30090,2025-04-29,1841.26,1841.26,Paid,0
42688,30090,2025-05-26,1841.26,1841.26,Paid,0
42689,30090,2025-06-27,1841.26,1841.26,Paid,0
42690,30090,2025-07-26,1841.26,1841.26,Paid,0
42691,30090,2025-08-28,1841.26,1841.26,Paid,0
42692,30090,2025-09-26,1841.26,1841.26,Paid,0
42693,30090,2025-10-23,1841.26,1841.26,Paid,0
42694,30090,2025-11-26,1841.26,1841.26,Paid,0
42695,30090,2025-12-26,1841.26,1841.26,Paid,0
42696,30090,2026-01-24,1841.26,1841.26,Paid,0
42697,30090,2026-02-20,1841.26,1841.26,Paid,0
42698,30090,2026-03-22,1841.26,1841.26,Paid,0
42699,30090,2026-04-20,1841.26,512.41,Partial,50
42700,30090,2026-05-24,1841.26,1841.26,Paid,0
42701,30091,2024-01-05,1234.31,0,Missed,59
42702,30091,2024-02-05,1234.31,1234.31,Paid,0
42703,30091,2024-03-02,1234.31,1234.31,Paid,0
42704,30091,2024-03-31,1234.31,1234.31,Paid,0
42705,30091,2024-05-04,1234.31,1234.31,Paid,0
42706,30091,2024-06-01,1234.31,1234.31,Paid,0
42707,30091,2024-06-30,1234.31,1234.31,Paid,0
42708,30091,2024-07-30,1234.31,1234.31,Paid,0
42709,30091,2024-08-29,1234.31,1234.31,Paid,0
42710,30091,2024-10-02,1234.31,1234.31,Paid,0
42711,30091,2024-10-31,1234.31,0,Missed,60
42712,30091,2024-11-28,1234.31,1234.31,Paid,0
42713,30091,2024-12-31,1234.31,1234.31,Paid,0
42714,30091,2025-01-28,1234.31,1234.31,Paid,0
42715,30091,2025-02-27,1234.31,1234.31,Paid,0
42716,30091,2025-03-30,1234.31,1234.31,Paid,0
42717,30091,2025-04-26,1234.31,1234.31,Paid,0
42718,30091,2025-05-30,1234.31,0,Missed,21
42719,30091,2025-06-24,1234.31,0,Missed,6
42720,30091,2025-07-29,1234.31,1234.31,Paid,0
42721,30091,2025-08-26,1234.31,1234.31,Paid,0
42722,30091,2025-09-26,1234.31,1234.31,Paid,0
42723,30091,2025-10-22,1234.31,1234.31,Paid,0
42724,30091,2025-11-25,1234.31,1234.31,Paid,0
42725,30091,2025-12-24,1234.31,1234.31,Paid,0
42726,30091,2026-01-22,1234.31,1234.31,Paid,0
42727,30091,2026-02-19,1234.31,1234.31,Paid,0
42728,30091,2026-03-22,1234.31,1234.31,Paid,0
42729,30091,2026-04-20,1234.31,1234.31,Paid,0
42730,30091,2026-05-24,1234.31,1234.31,Paid,0
42731,30092,2024-01-06,166.56,166.56,Paid,0
42732,30092,2024-02-02,166.56,166.56,Paid,0
42733,30092,2024-03-02,166.56,166.56,Paid,0
42734,30092,2024-04-02,166.56,166.56,Paid,0
42735,30092,2024-05-01,166.56,166.56,Paid,0
42736,30092,2024-06-03,166.56,166.56,Paid,0
42737,30092,2024-06-29,166.56,166.56,Paid,0
42738,30092,2024-07-31,166.56,60.34,Partial,53
42739,30092,2024-08-28,166.56,166.56,Paid,0
42740,30092,2024-09-28,166.56,0,Missed,16
42741,30092,2024-10-31,166.56,166.56,Paid,0
42742,30092,2024-12-01,166.56,166.56,Paid,0
42743,30092,2024-12-30,166.56,0,Missed,23
42744,30092,2025-01-25,166.56,121.65,Partial,19
42745,30092,2025-03-01,166.56,166.56,Paid,0
42746,30092,2025-03-30,166.56,166.56,Paid,0
42747,30092,2025-04-25,166.56,166.56,Paid,0
42748,30092,2025-05-25,166.56,166.56,Paid,0
42749,30092,2025-06-25,166.56,166.56,Paid,0
42750,30092,2025-07-26,166.56,166.56,Paid,0
42751,30092,2025-08-23,166.56,166.56,Paid,0
42752,30092,2025-09-26,166.56,166.56,Paid,0
42753,30092,2025-10-27,166.56,166.56,Paid,0
42754,30092,2025-11-26,166.56,166.56,Paid,0
42755,30092,2025-12-26,166.56,166.56,Paid,0
42756,30092,2026-01-24,166.56,166.56,Paid,0
42757,30092,2026-02-22,166.56,166.56,Paid,0
42758,30092,2026-03-23,166.56,166.56,Paid,0
42759,30092,2026-04-25,166.56,166.56,Paid,0
42760,30092,2026-05-23,166.56,166.56,Paid,0
42761,30093,2024-01-02,692.47,692.47,Paid,0
42762,30093,2024-02-03,692.47,692.47,Paid,0
42763,30093,2024-03-04,692.47,692.47,Paid,0
42764,30093,2024-04-01,692.47,692.47,Paid,0
42765,30093,2024-05-01,692.47,692.47,Paid,0
42766,30093,2024-06-02,692.47,213.45,Partial,21
42767,30093,2024-06-29,692.47,692.47,Paid,0
42768,30093,2024-07-30,692.47,692.47,Paid,0
42769,30093,2024-09-02,692.47,692.47,Paid,0
42770,30093,2024-09-27,692.47,692.47,Paid,0
42771,30093,2024-10-30,692.47,692.47,Paid,0
42772,30093,2024-12-01,692.47,0,Missed,9
42773,30093,2024-12-31,692.47,692.47,Paid,0
42774,30093,2025-01-30,692.47,692.47,Paid,0
42775,30093,2025-02-24,692.47,692.47,Paid,0
42776,30093,2025-03-29,692.47,692.47,Paid,0
42777,30093,2025-04-25,692.47,692.47,Paid,0
42778,30093,2025-05-30,692.47,193.41,Partial,52
42779,30093,2025-06-24,692.47,692.47,Paid,0
42780,30093,2025-07-29,692.47,692.47,Paid,0
42781,30093,2025-08-23,692.47,0,Missed,9
42782,30093,2025-09-26,692.47,692.47,Paid,0
42783,30093,2025-10-24,692.47,692.47,Paid,0
42784,30093,2025-11-21,692.47,692.47,Paid,0
42785,30093,2025-12-24,692.47,692.47,Paid,0
42786,30093,2026-01-23,692.47,692.47,Paid,0
42787,30093,2026-02-21,692.47,692.47,Paid,0
42788,30093,2026-03-22,692.47,692.47,Paid,0
42789,30093,2026-04-24,692.47,692.47,Paid,0
42790,30093,2026-05-25,692.47,692.47,Paid,0
42791,30094,2024-01-01,423.15,423.15,Paid,0
42792,30094,2024-01-31,423.15,423.15,Paid,0
42793,30094,2024-03-01,423.15,423.15,Paid,0
42794,30094,2024-04-03,423.15,423.15,Paid,0
42795,30094,2024-05-01,423.15,423.15,Paid,0
42796,30094,2024-06-02,423.15,423.15,Paid,0
42797,30094,2024-07-01,423.15,423.15,Paid,0
42798,30094,2024-07-30,423.15,258.4,Partial,46
42799,30094,2024-09-02,423.15,423.15,Paid,0
42800,30094,2024-09-27,423.15,423.15,Paid,0
42801,30094,2024-10-27,423.15,423.15,Paid,0
42802,30094,2024-11-28,423.15,423.15,Paid,0
42803,30094,2024-12-30,423.15,423.15,Paid,0
42804,30094,2025-01-27,423.15,318.18,Partial,60
42805,30094,2025-02-24,423.15,423.15,Paid,0
42806,30094,2025-03-27,423.15,423.15,Paid,0
42807,30094,2025-04-27,423.15,423.15,Paid,0
42808,30094,2025-05-30,423.15,423.15,Paid,0
42809,30094,2025-06-29,423.15,423.15,Paid,0
42810,30094,2025-07-28,423.15,423.15,Paid,0
42811,30094,2025-08-25,423.15,423.15,Paid,0
42812,30094,2025-09-24,423.15,252.64,Partial,62
42813,30094,2025-10-24,423.15,423.15,Paid,0
42814,30094,2025-11-26,423.15,423.15,Paid,0
42815,30094,2025-12-21,423.15,423.15,Paid,0
42816,30094,2026-01-21,423.15,423.15,Paid,0
42817,30094,2026-02-20,423.15,423.15,Paid,0
42818,30094,2026-03-24,423.15,423.15,Paid,0
42819,30094,2026-04-23,423.15,423.15,Paid,0
42820,30094,2026-05-20,423.15,423.15,Paid,0
42821,30095,2024-01-06,2704.49,2704.49,Paid,0
42822,30095,2024-01-31,2704.49,2704.49,Paid,0
42823,30095,2024-03-02,2704.49,2704.49,Paid,0
42824,30095,2024-04-03,2704.49,2704.49,Paid,0
42825,30095,2024-05-03,2704.49,2704.49,Paid,0
42826,30095,2024-06-04,2704.49,0,Missed,41
42827,30095,2024-07-04,2704.49,2704.49,Paid,0
42828,30095,2024-08-03,2704.49,1162.69,Partial,38
42829,30095,2024-08-31,2704.49,2704.49,Paid,0
42830,30095,2024-09-30,2704.49,2704.49,Paid,0
42831,30095,2024-10-28,2704.49,2704.49,Paid,0
42832,30095,2024-11-30,2704.49,2704.49,Paid,0
42833,30095,2024-12-30,2704.49,2704.49,Paid,0
42834,30095,2025-01-30,2704.49,2704.49,Paid,0
42835,30095,2025-02-25,2704.49,2704.49,Paid,0
42836,30095,2025-03-27,2704.49,2704.49,Paid,0
42837,30095,2025-04-26,2704.49,0,Missed,4
42838,30095,2025-05-27,2704.49,2704.49,Paid,0
42839,30095,2025-06-25,2704.49,637.57,Partial,25
42840,30095,2025-07-26,2704.49,2704.49,Paid,0
42841,30095,2025-08-24,2704.49,2704.49,Paid,0
42842,30095,2025-09-23,2704.49,2704.49,Paid,0
42843,30095,2025-10-26,2704.49,0,Missed,61
42844,30095,2025-11-24,2704.49,2704.49,Paid,0
42845,30095,2025-12-22,2704.49,2704.49,Paid,0
42846,30095,2026-01-21,2704.49,2704.49,Paid,0
42847,30095,2026-02-24,2704.49,2704.49,Paid,0
42848,30095,2026-03-24,2704.49,2704.49,Paid,0
42849,30095,2026-04-25,2704.49,0,Missed,26
42850,30095,2026-05-20,2704.49,2704.49,Paid,0
42851,30096,2024-01-06,2240.46,2240.46,Paid,0
42852,30096,2024-02-03,2240.46,2240.46,Paid,0
42853,30096,2024-03-02,2240.46,2240.46,Paid,0
42854,30096,2024-04-02,2240.46,2240.46,Paid,0
42855,30096,2024-05-01,2240.46,2240.46,Paid,0
42856,30096,2024-06-03,2240.46,2240.46,Paid,0
42857,30096,2024-07-02,2240.46,2240.46,Paid,0
42858,30096,2024-07-30,2240.46,2240.46,Paid,0
42859,30096,2024-08-29,2240.46,2240.46,Paid,0
42860,30096,2024-10-02,2240.46,1080.15,Partial,49
42861,30096,2024-10-29,2240.46,2240.46,Paid,0
42862,30096,2024-12-01,2240.46,2240.46,Paid,0
42863,30096,2024-12-28,2240.46,2240.46,Paid,0
42864,30096,2025-01-25,2240.46,491.27,Partial,51
42865,30096,2025-02-25,2240.46,2240.46,Paid,0
42866,30096,2025-03-26,2240.46,2240.46,Paid,0
42867,30096,2025-04-28,2240.46,2240.46,Paid,0
42868,30096,2025-05-28,2240.46,2240.46,Paid,0
42869,30096,2025-06-26,2240.46,1122.75,Partial,48
42870,30096,2025-07-25,2240.46,2240.46,Paid,0
42871,30096,2025-08-24,2240.46,2240.46,Paid,0
42872,30096,2025-09-22,2240.46,2240.46,Paid,0
42873,30096,2025-10-23,2240.46,2240.46,Paid,0
42874,30096,2025-11-24,2240.46,2240.46,Paid,0
42875,30096,2025-12-22,2240.46,2240.46,Paid,0
42876,30096,2026-01-25,2240.46,0,Missed,41
42877,30096,2026-02-19,2240.46,2240.46,Paid,0
42878,30096,2026-03-24,2240.46,2240.46,Paid,0
42879,30096,2026-04-25,2240.46,2240.46,Paid,0
42880,30096,2026-05-23,2240.46,2240.46,Paid,0
42881,30097,2024-01-03,133.57,133.57,Paid,0
42882,30097,2024-02-01,133.57,133.57,Paid,0
42883,30097,2024-03-01,133.57,133.57,Paid,0
42884,30097,2024-04-04,133.57,133.57,Paid,0
42885,30097,2024-05-02,133.57,133.57,Paid,0
42886,30097,2024-06-01,133.57,133.57,Paid,0
42887,30097,2024-06-29,133.57,133.57,Paid,0
42888,30097,2024-08-02,133.57,133.57,Paid,0
42889,30097,2024-08-30,133.57,133.57,Paid,0
42890,30097,2024-09-28,133.57,133.57,Paid,0
42891,30097,2024-10-27,133.57,133.57,Paid,0
42892,30097,2024-11-26,133.57,0,Missed,39
42893,30097,2024-12-26,133.57,133.57,Paid,0
42894,30097,2025-01-28,133.57,133.57,Paid,0
42895,30097,2025-02-26,133.57,133.57,Paid,0
42896,30097,2025-03-28,133.57,133.57,Paid,0
42897,30097,2025-04-27,133.57,133.57,Paid,0
42898,30097,2025-05-28,133.57,133.57,Paid,0
42899,30097,2025-06-26,133.57,133.57,Paid,0
42900,30097,2025-07-29,133.57,133.57,Paid,0
42901,30097,2025-08-24,133.57,133.57,Paid,0
42902,30097,2025-09-22,133.57,133.57,Paid,0
42903,30097,2025-10-27,133.57,133.57,Paid,0
42904,30097,2025-11-25,133.57,133.57,Paid,0
42905,30097,2025-12-22,133.57,133.57,Paid,0
42906,30097,2026-01-23,133.57,133.57,Paid,0
42907,30097,2026-02-19,133.57,133.57,Paid,0
42908,30097,2026-03-22,133.57,0,Missed,45
42909,30097,2026-04-20,133.57,0,Missed,45
42910,30097,2026-05-21,133.57,0,Missed,45
42911,30098,2024-01-02,69.41,69.41,Paid,0
42912,30098,2024-02-01,69.41,0,Missed,35
42913,30098,2024-03-05,69.41,0,Missed,41
42914,30098,2024-04-05,69.41,69.41,Paid,0
42915,30098,2024-05-02,69.41,69.41,Paid,0
42916,30098,2024-05-31,69.41,69.41,Paid,0
42917,30098,2024-07-01,69.41,69.41,Paid,0
42918,30098,2024-08-01,69.41,69.41,Paid,0
42919,30098,2024-09-02,69.41,69.41,Paid,0
42920,30098,2024-09-30,69.41,69.41,Paid,0
42921,30098,2024-10-31,69.41,69.41,Paid,0
42922,30098,2024-11-27,69.41,69.41,Paid,0
42923,30098,2024-12-29,69.41,69.41,Paid,0
42924,30098,2025-01-25,69.41,69.41,Paid,0
42925,30098,2025-02-26,69.41,69.41,Paid,0
42926,30098,2025-03-26,69.41,69.41,Paid,0
42927,30098,2025-04-28,69.41,69.41,Paid,0
42928,30098,2025-05-27,69.41,69.41,Paid,0
42929,30098,2025-06-26,69.41,69.41,Paid,0
42930,30098,2025-07-26,69.41,69.41,Paid,0
42931,30098,2025-08-24,69.41,69.41,Paid,0
42932,30098,2025-09-25,69.41,69.41,Paid,0
42933,30098,2025-10-25,69.41,0,Missed,51
42934,30098,2025-11-24,69.41,69.41,Paid,0
42935,30098,2025-12-22,69.41,54.35,Partial,34
42936,30098,2026-01-20,69.41,69.41,Paid,0
42937,30098,2026-02-21,69.41,69.41,Paid,0
42938,30098,2026-03-25,69.41,19.25,Partial,26
42939,30098,2026-04-24,69.41,69.41,Paid,0
42940,30098,2026-05-22,69.41,69.41,Paid,0
42941,30099,2024-01-06,356.63,356.63,Paid,0
42942,30099,2024-02-03,356.63,356.63,Paid,0
42943,30099,2024-03-06,356.63,356.63,Paid,0
42944,30099,2024-04-05,356.63,356.63,Paid,0
42945,30099,2024-05-01,356.63,356.63,Paid,0
42946,30099,2024-06-03,356.63,356.63,Paid,0
42947,30099,2024-06-29,356.63,356.63,Paid,0
42948,30099,2024-07-30,356.63,356.63,Paid,0
42949,30099,2024-08-28,356.63,356.63,Paid,0
42950,30099,2024-09-30,356.63,356.63,Paid,0
42951,30099,2024-10-29,356.63,356.63,Paid,0
42952,30099,2024-12-01,356.63,356.63,Paid,0
42953,30099,2024-12-29,356.63,356.63,Paid,0
42954,30099,2025-01-26,356.63,356.63,Paid,0
42955,30099,2025-02-27,356.63,356.63,Paid,0
42956,30099,2025-03-27,356.63,356.63,Paid,0
42957,30099,2025-04-25,356.63,356.63,Paid,0
42958,30099,2025-05-29,356.63,356.63,Paid,0
42959,30099,2025-06-29,356.63,356.63,Paid,0
42960,30099,2025-07-24,356.63,356.63,Paid,0
42961,30099,2025-08-23,356.63,356.63,Paid,0
42962,30099,2025-09-25,356.63,356.63,Paid,0
42963,30099,2025-10-23,356.63,356.63,Paid,0
42964,30099,2025-11-21,356.63,0,Missed,52
42965,30099,2025-12-24,356.63,356.63,Paid,0
42966,30099,2026-01-22,356.63,356.63,Paid,0
42967,30099,2026-02-22,356.63,356.63,Paid,0
42968,30099,2026-03-22,356.63,356.63,Paid,0
42969,30099,2026-04-25,356.63,356.63,Paid,0
42970,30099,2026-05-22,356.63,356.63,Paid,0
42971,30100,2024-01-01,3032.09,3032.09,Paid,0
42972,30100,2024-02-02,3032.09,3032.09,Paid,0
42973,30100,2024-03-03,3032.09,3032.09,Paid,0
42974,30100,2024-04-03,3032.09,3032.09,Paid,0
42975,30100,2024-05-04,3032.09,3032.09,Paid,0
42976,30100,2024-06-01,3032.09,3032.09,Paid,0
42977,30100,2024-06-29,3032.09,3032.09,Paid,0
42978,30100,2024-08-01,3032.09,3032.09,Paid,0
42979,30100,2024-08-30,3032.09,3032.09,Paid,0
42980,30100,2024-09-29,3032.09,1482.62,Partial,37
42981,30100,2024-11-01,3032.09,3032.09,Paid,0
42982,30100,2024-12-01,3032.09,3032.09,Paid,0
42983,30100,2024-12-31,3032.09,3032.09,Paid,0
42984,30100,2025-01-25,3032.09,3032.09,Paid,0
42985,30100,2025-02-28,3032.09,3032.09,Paid,0
42986,30100,2025-03-31,3032.09,3032.09,Paid,0
42987,30100,2025-04-29,3032.09,3032.09,Paid,0
42988,30100,2025-05-30,3032.09,0,Missed,63
42989,30100,2025-06-29,3032.09,3032.09,Paid,0
42990,30100,2025-07-29,3032.09,3032.09,Paid,0
42991,30100,2025-08-23,3032.09,3032.09,Paid,0
42992,30100,2025-09-25,3032.09,1515.04,Partial,23
42993,30100,2025-10-22,3032.09,3032.09,Paid,0
42994,30100,2025-11-26,3032.09,3032.09,Paid,0
42995,30100,2025-12-25,3032.09,3032.09,Paid,0
42996,30100,2026-01-23,3032.09,2166.0,Partial,43
42997,30100,2026-02-22,3032.09,3032.09,Paid,0
42998,30100,2026-03-25,3032.09,3032.09,Paid,0
42999,30100,2026-04-21,3032.09,3032.09,Paid,0
43000,30100,2026-05-21,3032.09,3032.09,Paid,0
43001,30101,2024-01-05,1175.79,1175.79,Paid,0
43002,30101,2024-02-04,1175.79,1175.79,Paid,0
43003,30101,2024-03-03,1175.79,1175.79,Paid,0
43004,30101,2024-04-01,1175.79,0,Missed,39
43005,30101,2024-04-30,1175.79,1175.79,Paid,0
43006,30101,2024-06-01,1175.79,1175.79,Paid,0
43007,30101,2024-07-01,1175.79,1175.79,Paid,0
43008,30101,2024-07-29,1175.79,1175.79,Paid,0
43009,30101,2024-09-02,1175.79,0,Missed,29
43010,30101,2024-09-30,1175.79,1175.79,Paid,0
43011,30101,2024-10-31,1175.79,1175.79,Paid,0
43012,30101,2024-11-28,1175.79,1175.79,Paid,0
43013,30101,2024-12-27,1175.79,1175.79,Paid,0
43014,30101,2025-01-27,1175.79,1175.79,Paid,0
43015,30101,2025-02-28,1175.79,1175.79,Paid,0
43016,30101,2025-03-29,1175.79,1175.79,Paid,0
43017,30101,2025-04-30,1175.79,1175.79,Paid,0
43018,30101,2025-05-28,1175.79,1175.79,Paid,0
43019,30101,2025-06-29,1175.79,1175.79,Paid,0
43020,30101,2025-07-24,1175.79,0,Missed,54
43021,30101,2025-08-23,1175.79,1175.79,Paid,0
43022,30101,2025-09-22,1175.79,1175.79,Paid,0
43023,30101,2025-10-25,1175.79,1175.79,Paid,0
43024,30101,2025-11-26,1175.79,1175.79,Paid,0
43025,30101,2025-12-25,1175.79,1175.79,Paid,0
43026,30101,2026-01-23,1175.79,1175.79,Paid,0
43027,30101,2026-02-19,1175.79,1175.79,Paid,0
43028,30101,2026-03-24,1175.79,1175.79,Paid,0
43029,30101,2026-04-23,1175.79,1175.79,Paid,0
43030,30101,2026-05-20,1175.79,1175.79,Paid,0
43031,30102,2024-01-04,1052.33,0,Missed,25
43032,30102,2024-02-03,1052.33,1052.33,Paid,0
43033,30102,2024-03-06,1052.33,1052.33,Paid,0
43034,30102,2024-04-05,1052.33,1052.33,Paid,0
43035,30102,2024-05-02,1052.33,1052.33,Paid,0
43036,30102,2024-06-03,1052.33,1052.33,Paid,0
43037,30102,2024-07-04,1052.33,1052.33,Paid,0
43038,30102,2024-08-01,1052.33,1052.33,Paid,0
43039,30102,2024-08-28,1052.33,472.22,Partial,3
43040,30102,2024-09-27,1052.33,1052.33,Paid,0
43041,30102,2024-10-29,1052.33,1052.33,Paid,0
43042,30102,2024-11-30,1052.33,1052.33,Paid,0
43043,30102,2024-12-30,1052.33,1052.33,Paid,0
43044,30102,2025-01-26,1052.33,0,Missed,30
43045,30102,2025-02-25,1052.33,1052.33,Paid,0
43046,30102,2025-03-29,1052.33,1052.33,Paid,0
43047,30102,2025-04-30,1052.33,1052.33,Paid,0
43048,30102,2025-05-25,1052.33,1052.33,Paid,0
43049,30102,2025-06-28,1052.33,1052.33,Paid,0
43050,30102,2025-07-29,1052.33,1052.33,Paid,0
43051,30102,2025-08-28,1052.33,1052.33,Paid,0
43052,30102,2025-09-24,1052.33,1052.33,Paid,0
43053,30102,2025-10-25,1052.33,1052.33,Paid,0
43054,30102,2025-11-26,1052.33,1052.33,Paid,0
43055,30102,2025-12-25,1052.33,1052.33,Paid,0
43056,30102,2026-01-24,1052.33,1052.33,Paid,0
43057,30102,2026-02-24,1052.33,739.16,Partial,13
43058,30102,2026-03-23,1052.33,1052.33,Paid,0
43059,30102,2026-04-20,1052.33,1052.33,Paid,0
43060,30102,2026-05-20,1052.33,1052.33,Paid,0
43061,30103,2024-01-05,157.55,157.55,Paid,0
43062,30103,2024-02-04,157.55,157.55,Paid,0
43063,30103,2024-03-01,157.55,157.55,Paid,0
43064,30103,2024-03-31,157.55,157.55,Paid,0
43065,30103,2024-05-01,157.55,0,Missed,43
43066,30103,2024-06-04,157.55,157.55,Paid,0
43067,30103,2024-06-30,157.55,157.55,Paid,0
43068,30103,2024-07-30,157.55,157.55,Paid,0
43069,30103,2024-09-01,157.55,157.55,Paid,0
43070,30103,2024-10-02,157.55,157.55,Paid,0
43071,30103,2024-10-30,157.55,157.55,Paid,0
43072,30103,2024-12-01,157.55,157.55,Paid,0
43073,30103,2024-12-26,157.55,90.82,Partial,43
43074,30103,2025-01-29,157.55,157.55,Paid,0
43075,30103,2025-02-24,157.55,157.55,Paid,0
43076,30103,2025-03-30,157.55,157.55,Paid,0
43077,30103,2025-04-26,157.55,157.55,Paid,0
43078,30103,2025-05-26,157.55,157.55,Paid,0
43079,30103,2025-06-27,157.55,157.55,Paid,0
43080,30103,2025-07-25,157.55,157.55,Paid,0
43081,30103,2025-08-26,157.55,157.55,Paid,0
43082,30103,2025-09-25,157.55,157.55,Paid,0
43083,30103,2025-10-27,157.55,157.55,Paid,0
43084,30103,2025-11-26,157.55,157.55,Paid,0
43085,30103,2025-12-23,157.55,157.55,Paid,0
43086,30103,2026-01-23,157.55,157.55,Paid,0
43087,30103,2026-02-20,157.55,157.55,Paid,0
43088,30103,2026-03-22,157.55,157.55,Paid,0
43089,30103,2026-04-25,157.55,157.55,Paid,0
43090,30103,2026-05-20,157.55,157.55,Paid,0
43091,30104,2024-01-03,2132.74,0,Missed,33
43092,30104,2024-02-04,2132.74,2132.74,Paid,0
43093,30104,2024-03-01,2132.74,2132.74,Paid,0
43094,30104,2024-04-05,2132.74,2132.74,Paid,0
43095,30104,2024-04-30,2132.74,2132.74,Paid,0
43096,30104,2024-05-30,2132.74,2132.74,Paid,0
43097,30104,2024-07-03,2132.74,2132.74,Paid,0
43098,30104,2024-07-30,2132.74,2132.74,Paid,0
43099,30104,2024-08-30,2132.74,2132.74,Paid,0
43100,30104,2024-09-28,2132.74,2132.74,Paid,0
43101,30104,2024-10-28,2132.74,2132.74,Paid,0
43102,30104,2024-12-01,2132.74,2132.74,Paid,0
43103,30104,2024-12-27,2132.74,2132.74,Paid,0
43104,30104,2025-01-28,2132.74,2132.74,Paid,0
43105,30104,2025-02-24,2132.74,2132.74,Paid,0
43106,30104,2025-03-30,2132.74,2132.74,Paid,0
43107,30104,2025-04-28,2132.74,2132.74,Paid,0
43108,30104,2025-05-28,2132.74,2132.74,Paid,0
43109,30104,2025-06-27,2132.74,746.58,Partial,15
43110,30104,2025-07-29,2132.74,2132.74,Paid,0
43111,30104,2025-08-28,2132.74,2132.74,Paid,0
43112,30104,2025-09-25,2132.74,2132.74,Paid,0
43113,30104,2025-10-26,2132.74,2132.74,Paid,0
43114,30104,2025-11-22,2132.74,0,Missed,34
43115,30104,2025-12-24,2132.74,968.78,Partial,50
43116,30104,2026-01-22,2132.74,2132.74,Paid,0
43117,30104,2026-02-23,2132.74,2132.74,Paid,0
43118,30104,2026-03-24,2132.74,2132.74,Paid,0
43119,30104,2026-04-24,2132.74,2132.74,Paid,0
43120,30104,2026-05-25,2132.74,2132.74,Paid,0
43121,30105,2024-01-04,357.91,357.91,Paid,0
43122,30105,2024-01-31,357.91,0,Missed,19
43123,30105,2024-03-05,357.91,357.91,Paid,0
43124,30105,2024-04-04,357.91,357.91,Paid,0
43125,30105,2024-05-05,357.91,0,Missed,36
43126,30105,2024-06-01,357.91,357.91,Paid,0
43127,30105,2024-06-29,357.91,357.91,Paid,0
43128,30105,2024-07-31,357.91,357.91,Paid,0
43129,30105,2024-08-29,357.91,357.91,Paid,0
43130,30105,2024-09-27,357.91,357.91,Paid,0
43131,30105,2024-10-29,357.91,357.91,Paid,0
43132,30105,2024-11-28,357.91,357.91,Paid,0
43133,30105,2024-12-28,357.91,357.91,Paid,0
43134,30105,2025-01-30,357.91,357.91,Paid,0
43135,30105,2025-02-27,357.91,357.91,Paid,0
43136,30105,2025-03-28,357.91,192.19,Partial,27
43137,30105,2025-04-27,357.91,357.91,Paid,0
43138,30105,2025-05-29,357.91,357.91,Paid,0
43139,30105,2025-06-28,357.91,357.91,Paid,0
43140,30105,2025-07-28,357.91,244.97,Partial,45
43141,30105,2025-08-23,357.91,357.91,Paid,0
43142,30105,2025-09-27,357.91,357.91,Paid,0
43143,30105,2025-10-25,357.91,357.91,Paid,0
43144,30105,2025-11-23,357.91,357.91,Paid,0
43145,30105,2025-12-21,357.91,357.91,Paid,0
43146,30105,2026-01-23,357.91,357.91,Paid,0
43147,30105,2026-02-21,357.91,357.91,Paid,0
43148,30105,2026-03-21,357.91,357.91,Paid,0
43149,30105,2026-04-24,357.91,357.91,Paid,0
43150,30105,2026-05-23,357.91,357.91,Paid,0
43151,30106,2024-01-01,2706.55,2706.55,Paid,0
43152,30106,2024-02-05,2706.55,2706.55,Paid,0
43153,30106,2024-03-05,2706.55,0,Missed,61
43154,30106,2024-04-03,2706.55,2706.55,Paid,0
43155,30106,2024-05-03,2706.55,2706.55,Paid,0
43156,30106,2024-06-03,2706.55,604.84,Partial,44
43157,30106,2024-06-29,2706.55,2706.55,Paid,0
43158,30106,2024-07-29,2706.55,2706.55,Paid,0
43159,30106,2024-08-31,2706.55,2706.55,Paid,0
43160,30106,2024-09-29,2706.55,2706.55,Paid,0
43161,30106,2024-10-29,2706.55,2706.55,Paid,0
43162,30106,2024-11-30,2706.55,2706.55,Paid,0
43163,30106,2024-12-29,2706.55,2706.55,Paid,0
43164,30106,2025-01-28,2706.55,2706.55,Paid,0
43165,30106,2025-02-27,2706.55,2706.55,Paid,0
43166,30106,2025-03-31,2706.55,0,Missed,10
43167,30106,2025-04-27,2706.55,708.16,Partial,17
43168,30106,2025-05-25,2706.55,2706.55,Paid,0
43169,30106,2025-06-25,2706.55,2706.55,Paid,0
43170,30106,2025-07-26,2706.55,2706.55,Paid,0
43171,30106,2025-08-28,2706.55,2706.55,Paid,0
43172,30106,2025-09-23,2706.55,2706.55,Paid,0
43173,30106,2025-10-27,2706.55,1140.34,Partial,60
43174,30106,2025-11-25,2706.55,0,Missed,62
43175,30106,2025-12-26,2706.55,2706.55,Paid,0
43176,30106,2026-01-22,2706.55,611.26,Partial,6
43177,30106,2026-02-21,2706.55,2706.55,Paid,0
43178,30106,2026-03-23,2706.55,2706.55,Paid,0
43179,30106,2026-04-23,2706.55,2706.55,Paid,0
43180,30106,2026-05-21,2706.55,1488.8,Partial,10
43181,30107,2024-01-02,1090.06,1090.06,Paid,0
43182,30107,2024-02-01,1090.06,1090.06,Paid,0
43183,30107,2024-03-04,1090.06,1090.06,Paid,0
43184,30107,2024-04-05,1090.06,1090.06,Paid,0
43185,30107,2024-05-04,1090.06,1090.06,Paid,0
43186,30107,2024-06-02,1090.06,1090.06,Paid,0
43187,30107,2024-07-01,1090.06,1090.06,Paid,0
43188,30107,2024-08-03,1090.06,1090.06,Paid,0
43189,30107,2024-08-28,1090.06,1090.06,Paid,0
43190,30107,2024-09-29,1090.06,1090.06,Paid,0
43191,30107,2024-10-29,1090.06,1090.06,Paid,0
43192,30107,2024-11-27,1090.06,1090.06,Paid,0
43193,30107,2024-12-31,1090.06,1090.06,Paid,0
43194,30107,2025-01-30,1090.06,1090.06,Paid,0
43195,30107,2025-02-27,1090.06,1090.06,Paid,0
43196,30107,2025-03-26,1090.06,1090.06,Paid,0
43197,30107,2025-04-28,1090.06,1090.06,Paid,0
43198,30107,2025-05-26,1090.06,1090.06,Paid,0
43199,30107,2025-06-26,1090.06,1090.06,Paid,0
43200,30107,2025-07-28,1090.06,1090.06,Paid,0
43201,30107,2025-08-27,1090.06,1090.06,Paid,0
43202,30107,2025-09-24,1090.06,1090.06,Paid,0
43203,30107,2025-10-27,1090.06,1090.06,Paid,0
43204,30107,2025-11-25,1090.06,1090.06,Paid,0
43205,30107,2025-12-22,1090.06,1090.06,Paid,0
43206,30107,2026-01-22,1090.06,1090.06,Paid,0
43207,30107,2026-02-22,1090.06,1090.06,Paid,0
43208,30107,2026-03-25,1090.06,1090.06,Paid,0
43209,30107,2026-04-23,1090.06,1090.06,Paid,0
43210,30107,2026-05-22,1090.06,1090.06,Paid,0
43211,30108,2024-01-06,269.91,269.91,Paid,0
43212,30108,2024-02-04,269.91,269.91,Paid,0
43213,30108,2024-03-02,269.91,269.91,Paid,0
43214,30108,2024-03-31,269.91,269.91,Paid,0
43215,30108,2024-05-01,269.91,269.91,Paid,0
43216,30108,2024-06-02,269.91,269.91,Paid,0
43217,30108,2024-06-29,269.91,269.91,Paid,0
43218,30108,2024-08-02,269.91,269.91,Paid,0
43219,30108,2024-08-30,269.91,269.91,Paid,0
43220,30108,2024-10-01,269.91,269.91,Paid,0
43221,30108,2024-10-30,269.91,269.91,Paid,0
43222,30108,2024-11-29,269.91,269.91,Paid,0
43223,30108,2024-12-30,269.91,269.91,Paid,0
43224,30108,2025-01-28,269.91,269.91,Paid,0
43225,30108,2025-02-24,269.91,269.91,Paid,0
43226,30108,2025-03-29,269.91,269.91,Paid,0
43227,30108,2025-04-28,269.91,269.91,Paid,0
43228,30108,2025-05-26,269.91,269.91,Paid,0
43229,30108,2025-06-28,269.91,269.91,Paid,0
43230,30108,2025-07-28,269.91,269.91,Paid,0
43231,30108,2025-08-26,269.91,269.91,Paid,0
43232,30108,2025-09-22,269.91,269.91,Paid,0
43233,30108,2025-10-22,269.91,269.91,Paid,0
43234,30108,2025-11-21,269.91,147.14,Partial,18
43235,30108,2025-12-21,269.91,269.91,Paid,0
43236,30108,2026-01-22,269.91,269.91,Paid,0
43237,30108,2026-02-23,269.91,269.91,Paid,0
43238,30108,2026-03-24,269.91,269.91,Paid,0
43239,30108,2026-04-20,269.91,269.91,Paid,0
43240,30108,2026-05-25,269.91,269.91,Paid,0
43241,30109,2024-01-02,188.32,188.32,Paid,0
43242,30109,2024-02-01,188.32,188.32,Paid,0
43243,30109,2024-03-03,188.32,188.32,Paid,0
43244,30109,2024-04-02,188.32,188.32,Paid,0
43245,30109,2024-04-30,188.32,188.32,Paid,0
43246,30109,2024-06-04,188.32,188.32,Paid,0
43247,30109,2024-07-04,188.32,188.32,Paid,0
43248,30109,2024-08-03,188.32,188.32,Paid,0
43249,30109,2024-08-30,188.32,188.32,Paid,0
43250,30109,2024-09-28,188.32,188.32,Paid,0
43251,30109,2024-10-30,188.32,188.32,Paid,0
43252,30109,2024-11-26,188.32,188.32,Paid,0
43253,30109,2024-12-29,188.32,188.32,Paid,0
43254,30109,2025-01-26,188.32,0,Missed,59
43255,30109,2025-02-24,188.32,188.32,Paid,0
43256,30109,2025-03-26,188.32,188.32,Paid,0
43257,30109,2025-04-28,188.32,188.32,Paid,0
43258,30109,2025-05-28,188.32,188.32,Paid,0
43259,30109,2025-06-27,188.32,188.32,Paid,0
43260,30109,2025-07-24,188.32,188.32,Paid,0
43261,30109,2025-08-25,188.32,188.32,Paid,0
43262,30109,2025-09-26,188.32,188.32,Paid,0
43263,30109,2025-10-23,188.32,188.32,Paid,0
43264,30109,2025-11-21,188.32,188.32,Paid,0
43265,30109,2025-12-26,188.32,188.32,Paid,0
43266,30109,2026-01-23,188.32,188.32,Paid,0
43267,30109,2026-02-23,188.32,188.32,Paid,0
43268,30109,2026-03-24,188.32,188.32,Paid,0
43269,30109,2026-04-23,188.32,188.32,Paid,0
43270,30109,2026-05-22,188.32,188.32,Paid,0
43271,30110,2024-01-03,3376.63,2244.5,Partial,57
43272,30110,2024-02-04,3376.63,3376.63,Paid,0
43273,30110,2024-03-03,3376.63,3376.63,Paid,0
43274,30110,2024-04-05,3376.63,3376.63,Paid,0
43275,30110,2024-05-01,3376.63,0,Missed,57
43276,30110,2024-05-31,3376.63,3376.63,Paid,0
43277,30110,2024-06-30,3376.63,3376.63,Paid,0
43278,30110,2024-07-29,3376.63,3376.63,Paid,0
43279,30110,2024-09-02,3376.63,3376.63,Paid,0
43280,30110,2024-09-30,3376.63,3376.63,Paid,0
43281,30110,2024-11-01,3376.63,3376.63,Paid,0
43282,30110,2024-11-29,3376.63,3376.63,Paid,0
43283,30110,2024-12-28,3376.63,3376.63,Paid,0
43284,30110,2025-01-30,3376.63,3376.63,Paid,0
43285,30110,2025-02-27,3376.63,0,Missed,59
43286,30110,2025-03-30,3376.63,3376.63,Paid,0
43287,30110,2025-04-30,3376.63,3376.63,Paid,0
43288,30110,2025-05-27,3376.63,3376.63,Paid,0
43289,30110,2025-06-27,3376.63,1235.0,Partial,15
43290,30110,2025-07-24,3376.63,3376.63,Paid,0
43291,30110,2025-08-28,3376.63,3376.63,Paid,0
43292,30110,2025-09-26,3376.63,3376.63,Paid,0
43293,30110,2025-10-25,3376.63,3376.63,Paid,0
43294,30110,2025-11-23,3376.63,3376.63,Paid,0
43295,30110,2025-12-21,3376.63,3376.63,Paid,0
43296,30110,2026-01-25,3376.63,3376.63,Paid,0
43297,30110,2026-02-24,3376.63,3376.63,Paid,0
43298,30110,2026-03-23,3376.63,3376.63,Paid,0
43299,30110,2026-04-25,3376.63,3376.63,Paid,0
43300,30110,2026-05-23,3376.63,3376.63,Paid,0
43301,30111,2024-01-03,185.27,185.27,Paid,0
43302,30111,2024-01-31,185.27,185.27,Paid,0
43303,30111,2024-03-05,185.27,185.27,Paid,0
43304,30111,2024-04-03,185.27,185.27,Paid,0
43305,30111,2024-05-03,185.27,185.27,Paid,0
43306,30111,2024-05-30,185.27,185.27,Paid,0
43307,30111,2024-06-30,185.27,185.27,Paid,0
43308,30111,2024-07-31,185.27,185.27,Paid,0
43309,30111,2024-09-01,185.27,185.27,Paid,0
43310,30111,2024-10-01,185.27,185.27,Paid,0
43311,30111,2024-10-27,185.27,185.27,Paid,0
43312,30111,2024-11-27,185.27,0,Missed,15
43313,30111,2024-12-29,185.27,185.27,Paid,0
43314,30111,2025-01-25,185.27,185.27,Paid,0
43315,30111,2025-02-24,185.27,185.27,Paid,0
43316,30111,2025-03-28,185.27,185.27,Paid,0
43317,30111,2025-04-30,185.27,185.27,Paid,0
43318,30111,2025-05-28,185.27,185.27,Paid,0
43319,30111,2025-06-24,185.27,139.34,Partial,41
43320,30111,2025-07-26,185.27,185.27,Paid,0
43321,30111,2025-08-26,185.27,185.27,Paid,0
43322,30111,2025-09-24,185.27,185.27,Paid,0
43323,30111,2025-10-23,185.27,185.27,Paid,0
43324,30111,2025-11-22,185.27,185.27,Paid,0
43325,30111,2025-12-24,185.27,185.27,Paid,0
43326,30111,2026-01-22,185.27,185.27,Paid,0
43327,30111,2026-02-21,185.27,185.27,Paid,0
43328,30111,2026-03-26,185.27,185.27,Paid,0
43329,30111,2026-04-21,185.27,185.27,Paid,0
43330,30111,2026-05-23,185.27,185.27,Paid,0
43331,30112,2024-01-05,447.59,447.59,Paid,0
43332,30112,2024-02-02,447.59,447.59,Paid,0
43333,30112,2024-03-06,447.59,447.59,Paid,0
43334,30112,2024-04-03,447.59,447.59,Paid,0
43335,30112,2024-05-03,447.59,447.59,Paid,0
43336,30112,2024-06-02,447.59,447.59,Paid,0
43337,30112,2024-07-03,447.59,447.59,Paid,0
43338,30112,2024-08-01,447.59,447.59,Paid,0
43339,30112,2024-08-29,447.59,447.59,Paid,0
43340,30112,2024-09-29,447.59,447.59,Paid,0
43341,30112,2024-10-31,447.59,447.59,Paid,0
43342,30112,2024-11-27,447.59,447.59,Paid,0
43343,30112,2024-12-30,447.59,447.59,Paid,0
43344,30112,2025-01-25,447.59,447.59,Paid,0
43345,30112,2025-02-27,447.59,447.59,Paid,0
43346,30112,2025-03-31,447.59,447.59,Paid,0
43347,30112,2025-04-29,447.59,447.59,Paid,0
43348,30112,2025-05-25,447.59,447.59,Paid,0
43349,30112,2025-06-26,447.59,447.59,Paid,0
43350,30112,2025-07-29,447.59,447.59,Paid,0
43351,30112,2025-08-27,447.59,447.59,Paid,0
43352,30112,2025-09-24,447.59,447.59,Paid,0
43353,30112,2025-10-27,447.59,447.59,Paid,0
43354,30112,2025-11-21,447.59,447.59,Paid,0
43355,30112,2025-12-25,447.59,447.59,Paid,0
43356,30112,2026-01-25,447.59,447.59,Paid,0
43357,30112,2026-02-24,447.59,447.59,Paid,0
43358,30112,2026-03-22,447.59,447.59,Paid,0
43359,30112,2026-04-23,447.59,447.59,Paid,0
43360,30112,2026-05-25,447.59,447.59,Paid,0
43361,30113,2024-01-02,2075.28,2075.28,Paid,0
43362,30113,2024-02-02,2075.28,2075.28,Paid,0
43363,30113,2024-03-01,2075.28,2075.28,Paid,0
43364,30113,2024-04-04,2075.28,2075.28,Paid,0
43365,30113,2024-04-30,2075.28,2075.28,Paid,0
43366,30113,2024-05-31,2075.28,2075.28,Paid,0
43367,30113,2024-06-29,2075.28,2075.28,Paid,0
43368,30113,2024-07-30,2075.28,2075.28,Paid,0
43369,30113,2024-08-31,2075.28,2075.28,Paid,0
43370,30113,2024-10-01,2075.28,2075.28,Paid,0
43371,30113,2024-10-27,2075.28,788.51,Partial,33
43372,30113,2024-11-27,2075.28,2075.28,Paid,0
43373,30113,2024-12-30,2075.28,2075.28,Paid,0
43374,30113,2025-01-29,2075.28,2075.28,Paid,0
43375,30113,2025-03-01,2075.28,2075.28,Paid,0
43376,30113,2025-03-29,2075.28,2075.28,Paid,0
43377,30113,2025-04-25,2075.28,2075.28,Paid,0
43378,30113,2025-05-30,2075.28,2075.28,Paid,0
43379,30113,2025-06-25,2075.28,2075.28,Paid,0
43380,30113,2025-07-29,2075.28,2075.28,Paid,0
43381,30113,2025-08-26,2075.28,2075.28,Paid,0
43382,30113,2025-09-24,2075.28,2075.28,Paid,0
43383,30113,2025-10-26,2075.28,2075.28,Paid,0
43384,30113,2025-11-26,2075.28,2075.28,Paid,0
43385,30113,2025-12-24,2075.28,2075.28,Paid,0
43386,30113,2026-01-20,2075.28,2075.28,Paid,0
43387,30113,2026-02-22,2075.28,2075.28,Paid,0
43388,30113,2026-03-23,2075.28,2075.28,Paid,0
43389,30113,2026-04-24,2075.28,2075.28,Paid,0
43390,30113,2026-05-24,2075.28,2075.28,Paid,0
43391,30114,2024-01-06,523.18,523.18,Paid,0
43392,30114,2024-02-05,523.18,523.18,Paid,0
43393,30114,2024-03-01,523.18,215.99,Partial,11
43394,30114,2024-04-03,523.18,248.52,Partial,3
43395,30114,2024-05-01,523.18,523.18,Paid,0
43396,30114,2024-06-03,523.18,523.18,Paid,0
43397,30114,2024-07-04,523.18,523.18,Paid,0
43398,30114,2024-08-02,523.18,523.18,Paid,0
43399,30114,2024-09-02,523.18,523.18,Paid,0
43400,30114,2024-10-02,523.18,523.18,Paid,0
43401,30114,2024-10-29,523.18,523.18,Paid,0
43402,30114,2024-11-27,523.18,523.18,Paid,0
43403,30114,2024-12-31,523.18,523.18,Paid,0
43404,30114,2025-01-28,523.18,523.18,Paid,0
43405,30114,2025-03-01,523.18,523.18,Paid,0
43406,30114,2025-03-29,523.18,523.18,Paid,0
43407,30114,2025-04-26,523.18,523.18,Paid,0
43408,30114,2025-05-29,523.18,523.18,Paid,0
43409,30114,2025-06-28,523.18,523.18,Paid,0
43410,30114,2025-07-29,523.18,523.18,Paid,0
43411,30114,2025-08-27,523.18,523.18,Paid,0
43412,30114,2025-09-26,523.18,523.18,Paid,0
43413,30114,2025-10-22,523.18,523.18,Paid,0
43414,30114,2025-11-26,523.18,523.18,Paid,0
43415,30114,2025-12-21,523.18,523.18,Paid,0
43416,30114,2026-01-23,523.18,254.19,Partial,51
43417,30114,2026-02-20,523.18,0,Missed,54
43418,30114,2026-03-26,523.18,523.18,Paid,0
43419,30114,2026-04-20,523.18,159.26,Partial,60
43420,30114,2026-05-23,523.18,523.18,Paid,0
43421,30115,2024-01-04,119.56,28.35,Partial,19
43422,30115,2024-01-31,119.56,119.56,Paid,0
43423,30115,2024-03-06,119.56,119.56,Paid,0
43424,30115,2024-04-02,119.56,119.56,Paid,0
43425,30115,2024-04-30,119.56,46.95,Partial,47
43426,30115,2024-06-02,119.56,119.56,Paid,0
43427,30115,2024-07-04,119.56,119.56,Paid,0
43428,30115,2024-07-30,119.56,119.56,Paid,0
43429,30115,2024-08-31,119.56,119.56,Paid,0
43430,30115,2024-09-29,119.56,119.56,Paid,0
43431,30115,2024-11-01,119.56,119.56,Paid,0
43432,30115,2024-11-30,119.56,119.56,Paid,0
43433,30115,2024-12-27,119.56,119.56,Paid,0
43434,30115,2025-01-25,119.56,119.56,Paid,0
43435,30115,2025-03-01,119.56,119.56,Paid,0
43436,30115,2025-03-26,119.56,119.56,Paid,0
43437,30115,2025-04-25,119.56,119.56,Paid,0
43438,30115,2025-05-28,119.56,119.56,Paid,0
43439,30115,2025-06-24,119.56,119.56,Paid,0
43440,30115,2025-07-29,119.56,119.56,Paid,0
43441,30115,2025-08-28,119.56,119.56,Paid,0
43442,30115,2025-09-25,119.56,119.56,Paid,0
43443,30115,2025-10-23,119.56,119.56,Paid,0
43444,30115,2025-11-24,119.56,119.56,Paid,0
43445,30115,2025-12-23,119.56,119.56,Paid,0
43446,30115,2026-01-24,119.56,119.56,Paid,0
43447,30115,2026-02-19,119.56,119.56,Paid,0
43448,30115,2026-03-26,119.56,119.56,Paid,0
43449,30115,2026-04-20,119.56,119.56,Paid,0
43450,30115,2026-05-21,119.56,119.56,Paid,0
43451,30116,2024-01-03,1505.96,1505.96,Paid,0
43452,30116,2024-02-03,1505.96,1505.96,Paid,0
43453,30116,2024-03-05,1505.96,1505.96,Paid,0
43454,30116,2024-03-31,1505.96,1505.96,Paid,0
43455,30116,2024-05-02,1505.96,528.33,Partial,48
43456,30116,2024-06-01,1505.96,1505.96,Paid,0
43457,30116,2024-06-30,1505.96,0,Missed,7
43458,30116,2024-08-02,1505.96,1505.96,Paid,0
43459,30116,2024-09-01,1505.96,753.02,Partial,28
43460,30116,2024-10-01,1505.96,1505.96,Paid,0
43461,30116,2024-11-01,1505.96,827.77,Partial,62
43462,30116,2024-11-28,1505.96,1505.96,Paid,0
43463,30116,2024-12-26,1505.96,1505.96,Paid,0
43464,30116,2025-01-27,1505.96,1505.96,Paid,0
43465,30116,2025-02-24,1505.96,1505.96,Paid,0
43466,30116,2025-03-30,1505.96,1505.96,Paid,0
43467,30116,2025-04-27,1505.96,900.57,Partial,59
43468,30116,2025-05-25,1505.96,1505.96,Paid,0
43469,30116,2025-06-24,1505.96,1505.96,Paid,0
43470,30116,2025-07-28,1505.96,936.49,Partial,51
43471,30116,2025-08-23,1505.96,1505.96,Paid,0
43472,30116,2025-09-22,1505.96,841.66,Partial,42
43473,30116,2025-10-22,1505.96,733.8,Partial,11
43474,30116,2025-11-23,1505.96,1505.96,Paid,0
43475,30116,2025-12-21,1505.96,1505.96,Paid,0
43476,30116,2026-01-24,1505.96,1505.96,Paid,0
43477,30116,2026-02-21,1505.96,1505.96,Paid,0
43478,30116,2026-03-23,1505.96,1505.96,Paid,0
43479,30116,2026-04-21,1505.96,1505.96,Paid,0
43480,30116,2026-05-20,1505.96,1505.96,Paid,0
43481,30117,2024-01-02,301.48,301.48,Paid,0
43482,30117,2024-02-03,301.48,301.48,Paid,0
43483,30117,2024-03-06,301.48,301.48,Paid,0
43484,30117,2024-04-03,301.48,301.48,Paid,0
43485,30117,2024-05-03,301.48,301.48,Paid,0
43486,30117,2024-06-02,301.48,301.48,Paid,0
43487,30117,2024-07-03,301.48,301.48,Paid,0
43488,30117,2024-08-01,301.48,301.48,Paid,0
43489,30117,2024-09-01,301.48,0,Missed,26
43490,30117,2024-09-29,301.48,301.48,Paid,0
43491,30117,2024-10-30,301.48,103.38,Partial,8
43492,30117,2024-11-30,301.48,301.48,Paid,0
43493,30117,2024-12-29,301.48,301.48,Paid,0
43494,30117,2025-01-29,301.48,301.48,Paid,0
43495,30117,2025-02-24,301.48,301.48,Paid,0
43496,30117,2025-03-27,301.48,301.48,Paid,0
43497,30117,2025-04-25,301.48,301.48,Paid,0
43498,30117,2025-05-28,301.48,301.48,Paid,0
43499,30117,2025-06-24,301.48,301.48,Paid,0
43500,30117,2025-07-28,301.48,301.48,Paid,0
43501,30117,2025-08-24,301.48,0,Missed,11
43502,30117,2025-09-26,301.48,301.48,Paid,0
43503,30117,2025-10-27,301.48,301.48,Paid,0
43504,30117,2025-11-21,301.48,301.48,Paid,0
43505,30117,2025-12-25,301.48,301.48,Paid,0
43506,30117,2026-01-25,301.48,301.48,Paid,0
43507,30117,2026-02-21,301.48,215.64,Partial,31
43508,30117,2026-03-26,301.48,301.48,Paid,0
43509,30117,2026-04-22,301.48,301.48,Paid,0
43510,30117,2026-05-22,301.48,301.48,Paid,0
43511,30118,2024-01-02,563.63,563.63,Paid,0
43512,30118,2024-02-02,563.63,563.63,Paid,0
43513,30118,2024-03-05,563.63,563.63,Paid,0
43514,30118,2024-03-31,563.63,563.63,Paid,0
43515,30118,2024-05-03,563.63,563.63,Paid,0
43516,30118,2024-06-03,563.63,563.63,Paid,0
43517,30118,2024-06-29,563.63,563.63,Paid,0
43518,30118,2024-07-30,563.63,563.63,Paid,0
43519,30118,2024-09-01,563.63,563.63,Paid,0
43520,30118,2024-10-02,563.63,563.63,Paid,0
43521,30118,2024-10-27,563.63,563.63,Paid,0
43522,30118,2024-11-27,563.63,563.63,Paid,0
43523,30118,2024-12-27,563.63,563.63,Paid,0
43524,30118,2025-01-30,563.63,563.63,Paid,0
43525,30118,2025-02-24,563.63,563.63,Paid,0
43526,30118,2025-03-26,563.63,563.63,Paid,0
43527,30118,2025-04-29,563.63,563.63,Paid,0
43528,30118,2025-05-25,563.63,563.63,Paid,0
43529,30118,2025-06-28,563.63,563.63,Paid,0
43530,30118,2025-07-24,563.63,563.63,Paid,0
43531,30118,2025-08-26,563.63,563.63,Paid,0
43532,30118,2025-09-23,563.63,563.63,Paid,0
43533,30118,2025-10-23,563.63,563.63,Paid,0
43534,30118,2025-11-25,563.63,563.63,Paid,0
43535,30118,2025-12-23,563.63,563.63,Paid,0
43536,30118,2026-01-22,563.63,420.49,Partial,51
43537,30118,2026-02-21,563.63,419.61,Partial,54
43538,30118,2026-03-25,563.63,563.63,Paid,0
43539,30118,2026-04-20,563.63,563.63,Paid,0
43540,30118,2026-05-24,563.63,563.63,Paid,0
43541,30119,2024-01-04,1445.33,1445.33,Paid,0
43542,30119,2024-02-05,1445.33,1445.33,Paid,0
43543,30119,2024-03-01,1445.33,1445.33,Paid,0
43544,30119,2024-04-05,1445.33,538.31,Partial,63
43545,30119,2024-05-04,1445.33,1445.33,Paid,0
43546,30119,2024-06-03,1445.33,1445.33,Paid,0
43547,30119,2024-07-03,1445.33,1445.33,Paid,0
43548,30119,2024-08-01,1445.33,1445.33,Paid,0
43549,30119,2024-08-29,1445.33,1445.33,Paid,0
43550,30119,2024-09-27,1445.33,1445.33,Paid,0
43551,30119,2024-11-01,1445.33,0,Missed,8
43552,30119,2024-11-27,1445.33,1445.33,Paid,0
43553,30119,2024-12-28,1445.33,1445.33,Paid,0
43554,30119,2025-01-28,1445.33,1445.33,Paid,0
43555,30119,2025-02-26,1445.33,1445.33,Paid,0
43556,30119,2025-03-31,1445.33,1445.33,Paid,0
43557,30119,2025-04-30,1445.33,1445.33,Paid,0
43558,30119,2025-05-29,1445.33,1445.33,Paid,0
43559,30119,2025-06-26,1445.33,1445.33,Paid,0
43560,30119,2025-07-26,1445.33,1445.33,Paid,0
43561,30119,2025-08-24,1445.33,1445.33,Paid,0
43562,30119,2025-09-22,1445.33,1445.33,Paid,0
43563,30119,2025-10-25,1445.33,1445.33,Paid,0
43564,30119,2025-11-23,1445.33,1445.33,Paid,0
43565,30119,2025-12-25,1445.33,1445.33,Paid,0
43566,30119,2026-01-20,1445.33,1445.33,Paid,0
43567,30119,2026-02-19,1445.33,1445.33,Paid,0
43568,30119,2026-03-25,1445.33,1445.33,Paid,0
43569,30119,2026-04-20,1445.33,1445.33,Paid,0
43570,30119,2026-05-22,1445.33,1445.33,Paid,0
43571,30120,2024-01-03,184.46,184.46,Paid,0
43572,30120,2024-02-03,184.46,184.46,Paid,0
43573,30120,2024-03-06,184.46,184.46,Paid,0
43574,30120,2024-04-04,184.46,184.46,Paid,0
43575,30120,2024-05-01,184.46,184.46,Paid,0
43576,30120,2024-05-30,184.46,184.46,Paid,0
43577,30120,2024-07-03,184.46,184.46,Paid,0
43578,30120,2024-08-02,184.46,184.46,Paid,0
43579,30120,2024-09-01,184.46,184.46,Paid,0
43580,30120,2024-09-27,184.46,0,Missed,19
43581,30120,2024-10-29,184.46,184.46,Paid,0
43582,30120,2024-11-28,184.46,184.46,Paid,0
43583,30120,2024-12-26,184.46,184.46,Paid,0
43584,30120,2025-01-27,184.46,184.46,Paid,0
43585,30120,2025-02-28,184.46,184.46,Paid,0
43586,30120,2025-03-30,184.46,184.46,Paid,0
43587,30120,2025-04-26,184.46,184.46,Paid,0
43588,30120,2025-05-27,184.46,184.46,Paid,0
43589,30120,2025-06-29,184.46,184.46,Paid,0
43590,30120,2025-07-29,184.46,184.46,Paid,0
43591,30120,2025-08-25,184.46,184.46,Paid,0
43592,30120,2025-09-24,184.46,184.46,Paid,0
43593,30120,2025-10-24,184.46,184.46,Paid,0
43594,30120,2025-11-24,184.46,78.36,Partial,63
43595,30120,2025-12-23,184.46,184.46,Paid,0
43596,30120,2026-01-21,184.46,184.46,Paid,0
43597,30120,2026-02-21,184.46,137.81,Partial,4
43598,30120,2026-03-21,184.46,184.46,Paid,0
43599,30120,2026-04-22,184.46,184.46,Paid,0
43600,30120,2026-05-25,184.46,184.46,Paid,0
43601,30121,2024-01-05,909.17,909.17,Paid,0
43602,30121,2024-02-01,909.17,909.17,Paid,0
43603,30121,2024-03-05,909.17,909.17,Paid,0
43604,30121,2024-04-05,909.17,909.17,Paid,0
43605,30121,2024-05-05,909.17,909.17,Paid,0
43606,30121,2024-05-30,909.17,0,Missed,17
43607,30121,2024-07-03,909.17,909.17,Paid,0
43608,30121,2024-08-02,909.17,909.17,Paid,0
43609,30121,2024-09-02,909.17,909.17,Paid,0
43610,30121,2024-10-02,909.17,909.17,Paid,0
43611,30121,2024-10-31,909.17,909.17,Paid,0
43612,30121,2024-11-30,909.17,909.17,Paid,0
43613,30121,2024-12-30,909.17,909.17,Paid,0
43614,30121,2025-01-27,909.17,909.17,Paid,0
43615,30121,2025-02-28,909.17,909.17,Paid,0
43616,30121,2025-03-27,909.17,909.17,Paid,0
43617,30121,2025-04-27,909.17,909.17,Paid,0
43618,30121,2025-05-27,909.17,909.17,Paid,0
43619,30121,2025-06-24,909.17,909.17,Paid,0
43620,30121,2025-07-27,909.17,909.17,Paid,0
43621,30121,2025-08-26,909.17,909.17,Paid,0
43622,30121,2025-09-24,909.17,909.17,Paid,0
43623,30121,2025-10-22,909.17,538.23,Partial,41
43624,30121,2025-11-22,909.17,909.17,Paid,0
43625,30121,2025-12-24,909.17,909.17,Paid,0
43626,30121,2026-01-21,909.17,315.45,Partial,61
43627,30121,2026-02-22,909.17,909.17,Paid,0
43628,30121,2026-03-26,909.17,909.17,Paid,0
43629,30121,2026-04-22,909.17,909.17,Paid,0
43630,30121,2026-05-22,909.17,909.17,Paid,0
43631,30122,2024-01-01,307.32,307.32,Paid,0
43632,30122,2024-02-04,307.32,0,Missed,39
43633,30122,2024-03-04,307.32,307.32,Paid,0
43634,30122,2024-04-01,307.32,223.07,Partial,3
43635,30122,2024-05-01,307.32,307.32,Paid,0
43636,30122,2024-06-01,307.32,307.32,Paid,0
43637,30122,2024-07-04,307.32,198.44,Partial,11
43638,30122,2024-07-29,307.32,307.32,Paid,0
43639,30122,2024-08-28,307.32,307.32,Paid,0
43640,30122,2024-09-27,307.32,307.32,Paid,0
43641,30122,2024-10-31,307.32,228.2,Partial,25
43642,30122,2024-11-27,307.32,307.32,Paid,0
43643,30122,2024-12-30,307.32,307.32,Paid,0
43644,30122,2025-01-27,307.32,307.32,Paid,0
43645,30122,2025-02-26,307.32,307.32,Paid,0
43646,30122,2025-03-30,307.32,307.32,Paid,0
43647,30122,2025-04-30,307.32,307.32,Paid,0
43648,30122,2025-05-30,307.32,236.62,Partial,61
43649,30122,2025-06-27,307.32,307.32,Paid,0
43650,30122,2025-07-29,307.32,307.32,Paid,0
43651,30122,2025-08-25,307.32,307.32,Paid,0
43652,30122,2025-09-27,307.32,307.32,Paid,0
43653,30122,2025-10-23,307.32,307.32,Paid,0
43654,30122,2025-11-25,307.32,234.17,Partial,8
43655,30122,2025-12-22,307.32,170.91,Partial,26
43656,30122,2026-01-25,307.32,307.32,Paid,0
43657,30122,2026-02-22,307.32,307.32,Paid,0
43658,30122,2026-03-22,307.32,307.32,Paid,0
43659,30122,2026-04-24,307.32,307.32,Paid,0
43660,30122,2026-05-20,307.32,307.32,Paid,0
43661,30123,2024-01-04,3770.23,3770.23,Paid,0
43662,30123,2024-02-04,3770.23,3770.23,Paid,0
43663,30123,2024-03-05,3770.23,3770.23,Paid,0
43664,30123,2024-04-03,3770.23,3770.23,Paid,0
43665,30123,2024-05-03,3770.23,3770.23,Paid,0
43666,30123,2024-05-31,3770.23,0,Missed,5
43667,30123,2024-07-04,3770.23,2407.63,Partial,30
43668,30123,2024-08-02,3770.23,3770.23,Paid,0
43669,30123,2024-09-01,3770.23,3770.23,Paid,0
43670,30123,2024-09-29,3770.23,3770.23,Paid,0
43671,30123,2024-10-27,3770.23,3770.23,Paid,0
43672,30123,2024-11-29,3770.23,3770.23,Paid,0
43673,30123,2024-12-27,3770.23,3770.23,Paid,0
43674,30123,2025-01-27,3770.23,0,Missed,51
43675,30123,2025-02-24,3770.23,2261.61,Partial,12
43676,30123,2025-03-26,3770.23,3770.23,Paid,0
43677,30123,2025-04-29,3770.23,3770.23,Paid,0
43678,30123,2025-05-25,3770.23,3770.23,Paid,0
43679,30123,2025-06-24,3770.23,0,Missed,37
43680,30123,2025-07-28,3770.23,3770.23,Paid,0
43681,30123,2025-08-23,3770.23,3770.23,Paid,0
43682,30123,2025-09-22,3770.23,3770.23,Paid,0
43683,30123,2025-10-24,3770.23,2046.1,Partial,49
43684,30123,2025-11-24,3770.23,3770.23,Paid,0
43685,30123,2025-12-24,3770.23,3770.23,Paid,0
43686,30123,2026-01-20,3770.23,3770.23,Paid,0
43687,30123,2026-02-19,3770.23,3770.23,Paid,0
43688,30123,2026-03-24,3770.23,3770.23,Paid,0
43689,30123,2026-04-20,3770.23,3770.23,Paid,0
43690,30123,2026-05-22,3770.23,3770.23,Paid,0
43691,30124,2024-01-01,1686.46,0,Missed,54
43692,30124,2024-01-31,1686.46,1686.46,Paid,0
43693,30124,2024-03-02,1686.46,1686.46,Paid,0
43694,30124,2024-04-02,1686.46,1686.46,Paid,0
43695,30124,2024-05-02,1686.46,1686.46,Paid,0
43696,30124,2024-06-04,1686.46,1686.46,Paid,0
43697,30124,2024-07-04,1686.46,1686.46,Paid,0
43698,30124,2024-08-03,1686.46,1686.46,Paid,0
43699,30124,2024-08-28,1686.46,1686.46,Paid,0
43700,30124,2024-10-02,1686.46,1686.46,Paid,0
43701,30124,2024-10-29,1686.46,1686.46,Paid,0
43702,30124,2024-11-30,1686.46,1686.46,Paid,0
43703,30124,2024-12-31,1686.46,1686.46,Paid,0
43704,30124,2025-01-30,1686.46,1686.46,Paid,0
43705,30124,2025-02-25,1686.46,1686.46,Paid,0
43706,30124,2025-03-29,1686.46,1686.46,Paid,0
43707,30124,2025-04-26,1686.46,1686.46,Paid,0
43708,30124,2025-05-27,1686.46,1686.46,Paid,0
43709,30124,2025-06-27,1686.46,1686.46,Paid,0
43710,30124,2025-07-29,1686.46,1686.46,Paid,0
43711,30124,2025-08-24,1686.46,1686.46,Paid,0
43712,30124,2025-09-22,1686.46,0,Missed,57
43713,30124,2025-10-27,1686.46,1686.46,Paid,0
43714,30124,2025-11-21,1686.46,1686.46,Paid,0
43715,30124,2025-12-24,1686.46,1686.46,Paid,0
43716,30124,2026-01-21,1686.46,1686.46,Paid,0
43717,30124,2026-02-19,1686.46,1686.46,Paid,0
43718,30124,2026-03-23,1686.46,1686.46,Paid,0
43719,30124,2026-04-25,1686.46,1686.46,Paid,0
43720,30124,2026-05-25,1686.46,1686.46,Paid,0
43721,30125,2024-01-05,2799.92,2799.92,Paid,0
43722,30125,2024-02-01,2799.92,2799.92,Paid,0
43723,30125,2024-03-02,2799.92,2799.92,Paid,0
43724,30125,2024-04-05,2799.92,2799.92,Paid,0
43725,30125,2024-05-05,2799.92,2799.92,Paid,0
43726,30125,2024-06-01,2799.92,2799.92,Paid,0
43727,30125,2024-07-01,2799.92,2799.92,Paid,0
43728,30125,2024-07-29,2799.92,0,Missed,60
43729,30125,2024-08-30,2799.92,2799.92,Paid,0
43730,30125,2024-09-30,2799.92,2799.92,Paid,0
43731,30125,2024-11-01,2799.92,2799.92,Paid,0
43732,30125,2024-11-27,2799.92,2799.92,Paid,0
43733,30125,2024-12-28,2799.92,2799.92,Paid,0
43734,30125,2025-01-27,2799.92,2799.92,Paid,0
43735,30125,2025-03-01,2799.92,2799.92,Paid,0
43736,30125,2025-03-29,2799.92,2799.92,Paid,0
43737,30125,2025-04-28,2799.92,2799.92,Paid,0
43738,30125,2025-05-30,2799.92,2799.92,Paid,0
43739,30125,2025-06-26,2799.92,2799.92,Paid,0
43740,30125,2025-07-25,2799.92,1875.1,Partial,6
43741,30125,2025-08-27,2799.92,2799.92,Paid,0
43742,30125,2025-09-24,2799.92,2799.92,Paid,0
43743,30125,2025-10-25,2799.92,2799.92,Paid,0
43744,30125,2025-11-24,2799.92,2799.92,Paid,0
43745,30125,2025-12-23,2799.92,1010.74,Partial,49
43746,30125,2026-01-21,2799.92,2799.92,Paid,0
43747,30125,2026-02-19,2799.92,2799.92,Paid,0
43748,30125,2026-03-24,2799.92,2799.92,Paid,0
43749,30125,2026-04-21,2799.92,2799.92,Paid,0
43750,30125,2026-05-25,2799.92,2799.92,Paid,0
43751,30126,2024-01-05,46.78,46.78,Paid,0
43752,30126,2024-02-01,46.78,46.78,Paid,0
43753,30126,2024-03-01,46.78,0,Missed,4
43754,30126,2024-04-03,46.78,46.78,Paid,0
43755,30126,2024-05-05,46.78,46.78,Paid,0
43756,30126,2024-06-01,46.78,46.78,Paid,0
43757,30126,2024-07-03,46.78,46.78,Paid,0
43758,30126,2024-07-29,46.78,46.78,Paid,0
43759,30126,2024-08-30,46.78,46.78,Paid,0
43760,30126,2024-09-28,46.78,46.78,Paid,0
43761,30126,2024-10-30,46.78,46.78,Paid,0
43762,30126,2024-11-27,46.78,46.78,Paid,0
43763,30126,2024-12-27,46.78,18.66,Partial,16
43764,30126,2025-01-29,46.78,46.78,Paid,0
43765,30126,2025-02-24,46.78,46.78,Paid,0
43766,30126,2025-03-26,46.78,46.78,Paid,0
43767,30126,2025-04-29,46.78,46.78,Paid,0
43768,30126,2025-05-28,46.78,46.78,Paid,0
43769,30126,2025-06-24,46.78,46.78,Paid,0
43770,30126,2025-07-26,46.78,46.78,Paid,0
43771,30126,2025-08-28,46.78,46.78,Paid,0
43772,30126,2025-09-23,46.78,46.78,Paid,0
43773,30126,2025-10-27,46.78,46.78,Paid,0
43774,30126,2025-11-24,46.78,46.78,Paid,0
43775,30126,2025-12-22,46.78,46.78,Paid,0
43776,30126,2026-01-22,46.78,46.78,Paid,0
43777,30126,2026-02-19,46.78,46.78,Paid,0
43778,30126,2026-03-26,46.78,46.78,Paid,0
43779,30126,2026-04-25,46.78,46.78,Paid,0
43780,30126,2026-05-20,46.78,46.78,Paid,0
43781,30127,2024-01-05,165.19,165.19,Paid,0
43782,30127,2024-02-01,165.19,165.19,Paid,0
43783,30127,2024-03-05,165.19,165.19,Paid,0
43784,30127,2024-04-01,165.19,165.19,Paid,0
43785,30127,2024-05-02,165.19,165.19,Paid,0
43786,30127,2024-06-02,165.19,165.19,Paid,0
43787,30127,2024-06-29,165.19,165.19,Paid,0
43788,30127,2024-08-01,165.19,165.19,Paid,0
43789,30127,2024-08-30,165.19,0,Missed,39
43790,30127,2024-09-30,165.19,165.19,Paid,0
43791,30127,2024-10-30,165.19,165.19,Paid,0
43792,30127,2024-11-29,165.19,165.19,Paid,0
43793,30127,2024-12-29,165.19,165.19,Paid,0
43794,30127,2025-01-30,165.19,165.19,Paid,0
43795,30127,2025-02-25,165.19,165.19,Paid,0
43796,30127,2025-03-29,165.19,165.19,Paid,0
43797,30127,2025-04-27,165.19,165.19,Paid,0
43798,30127,2025-05-30,165.19,165.19,Paid,0
43799,30127,2025-06-25,165.19,165.19,Paid,0
43800,30127,2025-07-24,165.19,165.19,Paid,0
43801,30127,2025-08-24,165.19,165.19,Paid,0
43802,30127,2025-09-25,165.19,165.19,Paid,0
43803,30127,2025-10-27,165.19,165.19,Paid,0
43804,30127,2025-11-22,165.19,165.19,Paid,0
43805,30127,2025-12-21,165.19,165.19,Paid,0
43806,30127,2026-01-21,165.19,165.19,Paid,0
43807,30127,2026-02-22,165.19,165.19,Paid,0
43808,30127,2026-03-21,165.19,165.19,Paid,0
43809,30127,2026-04-24,165.19,165.19,Paid,0
43810,30127,2026-05-24,165.19,165.19,Paid,0
43811,30128,2024-01-05,1124.96,1124.96,Paid,0
43812,30128,2024-01-31,1124.96,1124.96,Paid,0
43813,30128,2024-03-03,1124.96,1124.96,Paid,0
43814,30128,2024-04-05,1124.96,1124.96,Paid,0
43815,30128,2024-05-01,1124.96,1124.96,Paid,0
43816,30128,2024-06-04,1124.96,1124.96,Paid,0
43817,30128,2024-07-02,1124.96,1124.96,Paid,0
43818,30128,2024-07-31,1124.96,1124.96,Paid,0
43819,30128,2024-09-01,1124.96,1124.96,Paid,0
43820,30128,2024-10-01,1124.96,1124.96,Paid,0
43821,30128,2024-11-01,1124.96,1124.96,Paid,0
43822,30128,2024-11-29,1124.96,1124.96,Paid,0
43823,30128,2024-12-30,1124.96,1124.96,Paid,0
43824,30128,2025-01-30,1124.96,0,Missed,8
43825,30128,2025-02-24,1124.96,1124.96,Paid,0
43826,30128,2025-03-26,1124.96,1124.96,Paid,0
43827,30128,2025-04-25,1124.96,1124.96,Paid,0
43828,30128,2025-05-30,1124.96,1124.96,Paid,0
43829,30128,2025-06-25,1124.96,1124.96,Paid,0
43830,30128,2025-07-24,1124.96,1124.96,Paid,0
43831,30128,2025-08-26,1124.96,1124.96,Paid,0
43832,30128,2025-09-27,1124.96,1124.96,Paid,0
43833,30128,2025-10-25,1124.96,1124.96,Paid,0
43834,30128,2025-11-25,1124.96,1124.96,Paid,0
43835,30128,2025-12-21,1124.96,1124.96,Paid,0
43836,30128,2026-01-23,1124.96,0,Missed,49
43837,30128,2026-02-24,1124.96,1124.96,Paid,0
43838,30128,2026-03-23,1124.96,1124.96,Paid,0
43839,30128,2026-04-22,1124.96,1124.96,Paid,0
43840,30128,2026-05-21,1124.96,1124.96,Paid,0
43841,30129,2024-01-05,489.27,489.27,Paid,0
43842,30129,2024-02-04,489.27,0,Missed,26
43843,30129,2024-03-05,489.27,489.27,Paid,0
43844,30129,2024-04-03,489.27,489.27,Paid,0
43845,30129,2024-05-02,489.27,309.26,Partial,57
43846,30129,2024-05-31,489.27,489.27,Paid,0
43847,30129,2024-07-04,489.27,489.27,Paid,0
43848,30129,2024-07-29,489.27,489.27,Paid,0
43849,30129,2024-08-29,489.27,489.27,Paid,0
43850,30129,2024-09-27,489.27,0,Missed,3
43851,30129,2024-10-29,489.27,489.27,Paid,0
43852,30129,2024-11-27,489.27,489.27,Paid,0
43853,30129,2024-12-30,489.27,489.27,Paid,0
43854,30129,2025-01-25,489.27,489.27,Paid,0
43855,30129,2025-02-27,489.27,489.27,Paid,0
43856,30129,2025-03-26,489.27,489.27,Paid,0
43857,30129,2025-04-29,489.27,199.12,Partial,3
43858,30129,2025-05-26,489.27,489.27,Paid,0
43859,30129,2025-06-27,489.27,489.27,Paid,0
43860,30129,2025-07-26,489.27,489.27,Paid,0
43861,30129,2025-08-26,489.27,262.58,Partial,44
43862,30129,2025-09-27,489.27,489.27,Paid,0
43863,30129,2025-10-26,489.27,489.27,Paid,0
43864,30129,2025-11-26,489.27,489.27,Paid,0
43865,30129,2025-12-22,489.27,489.27,Paid,0
43866,30129,2026-01-20,489.27,489.27,Paid,0
43867,30129,2026-02-23,489.27,489.27,Paid,0
43868,30129,2026-03-24,489.27,489.27,Paid,0
43869,30129,2026-04-24,489.27,489.27,Paid,0
43870,30129,2026-05-25,489.27,489.27,Paid,0
43871,30130,2024-01-06,912.31,297.03,Partial,3
43872,30130,2024-02-01,912.31,0,Missed,8
43873,30130,2024-03-05,912.31,912.31,Paid,0
43874,30130,2024-04-01,912.31,912.31,Paid,0
43875,30130,2024-04-30,912.31,912.31,Paid,0
43876,30130,2024-05-30,912.31,912.31,Paid,0
43877,30130,2024-07-02,912.31,912.31,Paid,0
43878,30130,2024-08-01,912.31,912.31,Paid,0
43879,30130,2024-09-01,912.31,912.31,Paid,0
43880,30130,2024-09-28,912.31,912.31,Paid,0
43881,30130,2024-10-30,912.31,912.31,Paid,0
43882,30130,2024-12-01,912.31,912.31,Paid,0
43883,30130,2024-12-28,912.31,912.31,Paid,0
43884,30130,2025-01-27,912.31,912.31,Paid,0
43885,30130,2025-02-28,912.31,912.31,Paid,0
43886,30130,2025-03-27,912.31,638.77,Partial,48
43887,30130,2025-04-26,912.31,912.31,Paid,0
43888,30130,2025-05-29,912.31,912.31,Paid,0
43889,30130,2025-06-29,912.31,912.31,Paid,0
43890,30130,2025-07-29,912.31,912.31,Paid,0
43891,30130,2025-08-26,912.31,912.31,Paid,0
43892,30130,2025-09-23,912.31,912.31,Paid,0
43893,30130,2025-10-24,912.31,912.31,Paid,0
43894,30130,2025-11-26,912.31,912.31,Paid,0
43895,30130,2025-12-24,912.31,912.31,Paid,0
43896,30130,2026-01-24,912.31,912.31,Paid,0
43897,30130,2026-02-20,912.31,912.31,Paid,0
43898,30130,2026-03-22,912.31,727.35,Partial,15
43899,30130,2026-04-23,912.31,912.31,Paid,0
43900,30130,2026-05-21,912.31,912.31,Paid,0
43901,30131,2024-01-03,3193.12,3193.12,Paid,0
43902,30131,2024-02-02,3193.12,1601.91,Partial,3
43903,30131,2024-03-05,3193.12,3193.12,Paid,0
43904,30131,2024-04-05,3193.12,3193.12,Paid,0
43905,30131,2024-05-03,3193.12,3193.12,Paid,0
43906,30131,2024-06-04,3193.12,3193.12,Paid,0
43907,30131,2024-07-01,3193.12,3193.12,Paid,0
43908,30131,2024-08-02,3193.12,3193.12,Paid,0
43909,30131,2024-09-02,3193.12,2549.19,Partial,43
43910,30131,2024-09-30,3193.12,3193.12,Paid,0
43911,30131,2024-10-30,3193.12,3193.12,Paid,0
43912,30131,2024-12-01,3193.12,3193.12,Paid,0
43913,30131,2024-12-26,3193.12,3193.12,Paid,0
43914,30131,2025-01-25,3193.12,3193.12,Paid,0
43915,30131,2025-03-01,3193.12,3193.12,Paid,0
43916,30131,2025-03-31,3193.12,3193.12,Paid,0
43917,30131,2025-04-26,3193.12,3193.12,Paid,0
43918,30131,2025-05-25,3193.12,3193.12,Paid,0
43919,30131,2025-06-29,3193.12,3193.12,Paid,0
43920,30131,2025-07-26,3193.12,3193.12,Paid,0
43921,30131,2025-08-27,3193.12,3193.12,Paid,0
43922,30131,2025-09-23,3193.12,3193.12,Paid,0
43923,30131,2025-10-27,3193.12,3193.12,Paid,0
43924,30131,2025-11-26,3193.12,3193.12,Paid,0
43925,30131,2025-12-23,3193.12,962.82,Partial,40
43926,30131,2026-01-25,3193.12,1627.87,Partial,63
43927,30131,2026-02-24,3193.12,3193.12,Paid,0
43928,30131,2026-03-26,3193.12,3193.12,Paid,0
43929,30131,2026-04-20,3193.12,3193.12,Paid,0
43930,30131,2026-05-24,3193.12,3193.12,Paid,0
43931,30132,2024-01-03,222.17,222.17,Paid,0
43932,30132,2024-02-03,222.17,222.17,Paid,0
43933,30132,2024-03-05,222.17,222.17,Paid,0
43934,30132,2024-04-04,222.17,222.17,Paid,0
43935,30132,2024-05-05,222.17,222.17,Paid,0
43936,30132,2024-05-30,222.17,222.17,Paid,0
43937,30132,2024-07-03,222.17,222.17,Paid,0
43938,30132,2024-07-31,222.17,222.17,Paid,0
43939,30132,2024-09-02,222.17,222.17,Paid,0
43940,30132,2024-09-30,222.17,222.17,Paid,0
43941,30132,2024-10-27,222.17,222.17,Paid,0
43942,30132,2024-11-26,222.17,222.17,Paid,0
43943,30132,2024-12-30,222.17,222.17,Paid,0
43944,30132,2025-01-25,222.17,222.17,Paid,0
43945,30132,2025-02-24,222.17,222.17,Paid,0
43946,30132,2025-03-28,222.17,222.17,Paid,0
43947,30132,2025-04-30,222.17,85.46,Partial,46
43948,30132,2025-05-30,222.17,159.69,Partial,50
43949,30132,2025-06-29,222.17,222.17,Paid,0
43950,30132,2025-07-24,222.17,222.17,Paid,0
43951,30132,2025-08-25,222.17,222.17,Paid,0
43952,30132,2025-09-23,222.17,222.17,Paid,0
43953,30132,2025-10-25,222.17,222.17,Paid,0
43954,30132,2025-11-22,222.17,222.17,Paid,0
43955,30132,2025-12-22,222.17,222.17,Paid,0
43956,30132,2026-01-22,222.17,222.17,Paid,0
43957,30132,2026-02-22,222.17,222.17,Paid,0
43958,30132,2026-03-24,222.17,222.17,Paid,0
43959,30132,2026-04-22,222.17,222.17,Paid,0
43960,30132,2026-05-25,222.17,222.17,Paid,0
43961,30133,2024-01-06,2505.97,2505.97,Paid,0
43962,30133,2024-02-01,2505.97,2505.97,Paid,0
43963,30133,2024-03-05,2505.97,2505.97,Paid,0
43964,30133,2024-04-04,2505.97,2505.97,Paid,0
43965,30133,2024-05-05,2505.97,2505.97,Paid,0
43966,30133,2024-06-04,2505.97,2505.97,Paid,0
43967,30133,2024-07-01,2505.97,2505.97,Paid,0
43968,30133,2024-08-03,2505.97,0,Missed,38
43969,30133,2024-09-02,2505.97,2505.97,Paid,0
43970,30133,2024-09-27,2505.97,2505.97,Paid,0
43971,30133,2024-10-28,2505.97,2505.97,Paid,0
43972,30133,2024-11-29,2505.97,2505.97,Paid,0
43973,30133,2024-12-26,2505.97,2505.97,Paid,0
43974,30133,2025-01-30,2505.97,2505.97,Paid,0
43975,30133,2025-02-25,2505.97,2505.97,Paid,0
43976,30133,2025-03-28,2505.97,2505.97,Paid,0
43977,30133,2025-04-28,2505.97,2505.97,Paid,0
43978,30133,2025-05-25,2505.97,2505.97,Paid,0
43979,30133,2025-06-24,2505.97,2505.97,Paid,0
43980,30133,2025-07-24,2505.97,2505.97,Paid,0
43981,30133,2025-08-26,2505.97,2505.97,Paid,0
43982,30133,2025-09-27,2505.97,782.53,Partial,25
43983,30133,2025-10-24,2505.97,2505.97,Paid,0
43984,30133,2025-11-25,2505.97,2505.97,Paid,0
43985,30133,2025-12-21,2505.97,2505.97,Paid,0
43986,30133,2026-01-24,2505.97,2505.97,Paid,0
43987,30133,2026-02-23,2505.97,2505.97,Paid,0
43988,30133,2026-03-26,2505.97,2505.97,Paid,0
43989,30133,2026-04-21,2505.97,2505.97,Paid,0
43990,30133,2026-05-22,2505.97,2505.97,Paid,0
43991,30134,2024-01-04,2949.71,2949.71,Paid,0
43992,30134,2024-02-02,2949.71,2949.71,Paid,0
43993,30134,2024-03-02,2949.71,2949.71,Paid,0
43994,30134,2024-04-04,2949.71,2949.71,Paid,0
43995,30134,2024-05-03,2949.71,2949.71,Paid,0
43996,30134,2024-06-03,2949.71,2949.71,Paid,0
43997,30134,2024-06-29,2949.71,2949.71,Paid,0
43998,30134,2024-07-30,2949.71,2159.06,Partial,64
43999,30134,2024-09-02,2949.71,941.19,Partial,65
44000,30134,2024-10-01,2949.71,2949.71,Paid,0
44001,30134,2024-10-28,2949.71,2949.71,Paid,0
44002,30134,2024-11-26,2949.71,0,Missed,22
44003,30134,2024-12-27,2949.71,2949.71,Paid,0
44004,30134,2025-01-28,2949.71,2949.71,Paid,0
44005,30134,2025-02-27,2949.71,2949.71,Paid,0
44006,30134,2025-03-27,2949.71,2949.71,Paid,0
44007,30134,2025-04-26,2949.71,2949.71,Paid,0
44008,30134,2025-05-25,2949.71,2949.71,Paid,0
44009,30134,2025-06-25,2949.71,2949.71,Paid,0
44010,30134,2025-07-29,2949.71,2949.71,Paid,0
44011,30134,2025-08-28,2949.71,2949.71,Paid,0
44012,30134,2025-09-24,2949.71,2949.71,Paid,0
44013,30134,2025-10-23,2949.71,2949.71,Paid,0
44014,30134,2025-11-24,2949.71,2949.71,Paid,0
44015,30134,2025-12-24,2949.71,2949.71,Paid,0
44016,30134,2026-01-23,2949.71,2949.71,Paid,0
44017,30134,2026-02-22,2949.71,2949.71,Paid,0
44018,30134,2026-03-21,2949.71,2949.71,Paid,0
44019,30134,2026-04-22,2949.71,2949.71,Paid,0
44020,30134,2026-05-21,2949.71,2949.71,Paid,0
44021,30135,2024-01-03,682.95,472.52,Partial,49
44022,30135,2024-02-03,682.95,682.95,Paid,0
44023,30135,2024-03-05,682.95,682.95,Paid,0
44024,30135,2024-04-03,682.95,682.95,Paid,0
44025,30135,2024-05-04,682.95,682.95,Paid,0
44026,30135,2024-06-03,682.95,682.95,Paid,0
44027,30135,2024-06-30,682.95,682.95,Paid,0
44028,30135,2024-07-31,682.95,682.95,Paid,0
44029,30135,2024-08-28,682.95,682.95,Paid,0
44030,30135,2024-09-30,682.95,401.13,Partial,11
44031,30135,2024-10-30,682.95,682.95,Paid,0
44032,30135,2024-11-27,682.95,682.95,Paid,0
44033,30135,2024-12-26,682.95,682.95,Paid,0
44034,30135,2025-01-30,682.95,682.95,Paid,0
44035,30135,2025-02-25,682.95,682.95,Paid,0
44036,30135,2025-03-29,682.95,682.95,Paid,0
44037,30135,2025-04-28,682.95,682.95,Paid,0
44038,30135,2025-05-28,682.95,682.95,Paid,0
44039,30135,2025-06-27,682.95,682.95,Paid,0
44040,30135,2025-07-24,682.95,682.95,Paid,0
44041,30135,2025-08-23,682.95,682.95,Paid,0
44042,30135,2025-09-27,682.95,682.95,Paid,0
44043,30135,2025-10-25,682.95,682.95,Paid,0
44044,30135,2025-11-21,682.95,682.95,Paid,0
44045,30135,2025-12-22,682.95,682.95,Paid,0
44046,30135,2026-01-23,682.95,682.95,Paid,0
44047,30135,2026-02-19,682.95,682.95,Paid,0
44048,30135,2026-03-26,682.95,682.95,Paid,0
44049,30135,2026-04-20,682.95,682.95,Paid,0
44050,30135,2026-05-22,682.95,682.95,Paid,0
44051,30136,2024-01-01,1743.75,1743.75,Paid,0
44052,30136,2024-02-03,1743.75,1743.75,Paid,0
44053,30136,2024-03-04,1743.75,1743.75,Paid,0
44054,30136,2024-04-04,1743.75,0,Missed,10
44055,30136,2024-05-01,1743.75,0,Missed,37
44056,30136,2024-06-02,1743.75,1743.75,Paid,0
44057,30136,2024-06-29,1743.75,1743.75,Paid,0
44058,30136,2024-07-31,1743.75,1089.04,Partial,19
44059,30136,2024-08-29,1743.75,1743.75,Paid,0
44060,30136,2024-10-01,1743.75,1743.75,Paid,0
44061,30136,2024-10-30,1743.75,1743.75,Paid,0
44062,30136,2024-11-29,1743.75,1743.75,Paid,0
44063,30136,2024-12-26,1743.75,1743.75,Paid,0
44064,30136,2025-01-28,1743.75,1743.75,Paid,0
44065,30136,2025-02-28,1743.75,1743.75,Paid,0
44066,30136,2025-03-28,1743.75,1743.75,Paid,0
44067,30136,2025-04-30,1743.75,1743.75,Paid,0
44068,30136,2025-05-25,1743.75,1743.75,Paid,0
44069,30136,2025-06-25,1743.75,1743.75,Paid,0
44070,30136,2025-07-27,1743.75,1743.75,Paid,0
44071,30136,2025-08-25,1743.75,1743.75,Paid,0
44072,30136,2025-09-22,1743.75,1743.75,Paid,0
44073,30136,2025-10-24,1743.75,1743.75,Paid,0
44074,30136,2025-11-25,1743.75,1743.75,Paid,0
44075,30136,2025-12-22,1743.75,1743.75,Paid,0
44076,30136,2026-01-24,1743.75,1743.75,Paid,0
44077,30136,2026-02-24,1743.75,1743.75,Paid,0
44078,30136,2026-03-24,1743.75,1743.75,Paid,0
44079,30136,2026-04-22,1743.75,1743.75,Paid,0
44080,30136,2026-05-23,1743.75,1743.75,Paid,0
44081,30137,2024-01-02,112.03,83.14,Partial,62
44082,30137,2024-02-05,112.03,112.03,Paid,0
44083,30137,2024-03-05,112.03,112.03,Paid,0
44084,30137,2024-03-31,112.03,112.03,Paid,0
44085,30137,2024-04-30,112.03,112.03,Paid,0
44086,30137,2024-06-04,112.03,112.03,Paid,0
44087,30137,2024-06-29,112.03,112.03,Paid,0
44088,30137,2024-08-03,112.03,112.03,Paid,0
44089,30137,2024-09-02,112.03,112.03,Paid,0
44090,30137,2024-09-30,112.03,112.03,Paid,0
44091,30137,2024-10-28,112.03,0,Missed,19
44092,30137,2024-12-01,112.03,112.03,Paid,0
44093,30137,2024-12-26,112.03,112.03,Paid,0
44094,30137,2025-01-28,112.03,0,Missed,53
44095,30137,2025-02-25,112.03,112.03,Paid,0
44096,30137,2025-03-28,112.03,112.03,Paid,0
44097,30137,2025-04-29,112.03,112.03,Paid,0
44098,30137,2025-05-26,112.03,112.03,Paid,0
44099,30137,2025-06-24,112.03,112.03,Paid,0
44100,30137,2025-07-27,112.03,112.03,Paid,0
44101,30137,2025-08-26,112.03,112.03,Paid,0
44102,30137,2025-09-27,112.03,112.03,Paid,0
44103,30137,2025-10-24,112.03,112.03,Paid,0
44104,30137,2025-11-21,112.03,112.03,Paid,0
44105,30137,2025-12-22,112.03,112.03,Paid,0
44106,30137,2026-01-22,112.03,112.03,Paid,0
44107,30137,2026-02-20,112.03,112.03,Paid,0
44108,30137,2026-03-24,112.03,112.03,Paid,0
44109,30137,2026-04-22,112.03,112.03,Paid,0
44110,30137,2026-05-24,112.03,112.03,Paid,0
44111,30138,2024-01-06,737.79,737.79,Paid,0
44112,30138,2024-02-01,737.79,737.79,Paid,0
44113,30138,2024-03-06,737.79,737.79,Paid,0
44114,30138,2024-03-31,737.79,737.79,Paid,0
44115,30138,2024-05-05,737.79,737.79,Paid,0
44116,30138,2024-06-02,737.79,737.79,Paid,0
44117,30138,2024-07-04,737.79,737.79,Paid,0
44118,30138,2024-08-02,737.79,737.79,Paid,0
44119,30138,2024-09-01,737.79,737.79,Paid,0
44120,30138,2024-09-29,737.79,737.79,Paid,0
44121,30138,2024-10-30,737.79,737.79,Paid,0
44122,30138,2024-12-01,737.79,737.79,Paid,0
44123,30138,2024-12-30,737.79,737.79,Paid,0
44124,30138,2025-01-30,737.79,737.79,Paid,0
44125,30138,2025-02-27,737.79,737.79,Paid,0
44126,30138,2025-03-30,737.79,0,Missed,43
44127,30138,2025-04-28,737.79,737.79,Paid,0
44128,30138,2025-05-27,737.79,737.79,Paid,0
44129,30138,2025-06-29,737.79,0,Missed,26
44130,30138,2025-07-26,737.79,737.79,Paid,0
44131,30138,2025-08-25,737.79,737.79,Paid,0
44132,30138,2025-09-25,737.79,737.79,Paid,0
44133,30138,2025-10-26,737.79,737.79,Paid,0
44134,30138,2025-11-25,737.79,737.79,Paid,0
44135,30138,2025-12-24,737.79,737.79,Paid,0
44136,30138,2026-01-20,737.79,737.79,Paid,0
44137,30138,2026-02-21,737.79,737.79,Paid,0
44138,30138,2026-03-24,737.79,0,Missed,27
44139,30138,2026-04-24,737.79,737.79,Paid,0
44140,30138,2026-05-24,737.79,202.23,Partial,28
44141,30139,2024-01-02,898.76,898.76,Paid,0
44142,30139,2024-01-31,898.76,898.76,Paid,0
44143,30139,2024-03-02,898.76,898.76,Paid,0
44144,30139,2024-04-05,898.76,0,Missed,38
44145,30139,2024-05-03,898.76,898.76,Paid,0
44146,30139,2024-05-31,898.76,898.76,Paid,0
44147,30139,2024-07-03,898.76,898.76,Paid,0
44148,30139,2024-07-31,898.76,898.76,Paid,0
44149,30139,2024-09-02,898.76,697.57,Partial,51
44150,30139,2024-10-02,898.76,898.76,Paid,0
44151,30139,2024-10-31,898.76,898.76,Paid,0
44152,30139,2024-11-27,898.76,898.76,Paid,0
44153,30139,2024-12-29,898.76,898.76,Paid,0
44154,30139,2025-01-27,898.76,898.76,Paid,0
44155,30139,2025-02-27,898.76,898.76,Paid,0
44156,30139,2025-03-27,898.76,898.76,Paid,0
44157,30139,2025-04-25,898.76,898.76,Paid,0
44158,30139,2025-05-27,898.76,898.76,Paid,0
44159,30139,2025-06-29,898.76,898.76,Paid,0
44160,30139,2025-07-24,898.76,898.76,Paid,0
44161,30139,2025-08-28,898.76,898.76,Paid,0
44162,30139,2025-09-25,898.76,898.76,Paid,0
44163,30139,2025-10-27,898.76,898.76,Paid,0
44164,30139,2025-11-22,898.76,898.76,Paid,0
44165,30139,2025-12-25,898.76,898.76,Paid,0
44166,30139,2026-01-20,898.76,898.76,Paid,0
44167,30139,2026-02-24,898.76,898.76,Paid,0
44168,30139,2026-03-21,898.76,898.76,Paid,0
44169,30139,2026-04-21,898.76,898.76,Paid,0
44170,30139,2026-05-25,898.76,898.76,Paid,0
44171,30140,2024-01-01,796.25,0,Missed,4
44172,30140,2024-02-05,796.25,796.25,Paid,0
44173,30140,2024-03-06,796.25,796.25,Paid,0
44174,30140,2024-04-04,796.25,796.25,Paid,0
44175,30140,2024-05-01,796.25,796.25,Paid,0
44176,30140,2024-06-04,796.25,796.25,Paid,0
44177,30140,2024-06-30,796.25,796.25,Paid,0
44178,30140,2024-08-03,796.25,313.43,Partial,21
44179,30140,2024-08-28,796.25,258.15,Partial,32
44180,30140,2024-09-30,796.25,796.25,Paid,0
44181,30140,2024-10-31,796.25,796.25,Paid,0
44182,30140,2024-11-27,796.25,796.25,Paid,0
44183,30140,2024-12-29,796.25,796.25,Paid,0
44184,30140,2025-01-25,796.25,796.25,Paid,0
44185,30140,2025-02-26,796.25,796.25,Paid,0
44186,30140,2025-03-27,796.25,796.25,Paid,0
44187,30140,2025-04-30,796.25,0,Missed,3
44188,30140,2025-05-30,796.25,796.25,Paid,0
44189,30140,2025-06-29,796.25,796.25,Paid,0
44190,30140,2025-07-28,796.25,0,Missed,58
44191,30140,2025-08-26,796.25,796.25,Paid,0
44192,30140,2025-09-25,796.25,0,Missed,59
44193,30140,2025-10-27,796.25,796.25,Paid,0
44194,30140,2025-11-26,796.25,796.25,Paid,0
44195,30140,2025-12-26,796.25,0,Missed,48
44196,30140,2026-01-20,796.25,796.25,Paid,0
44197,30140,2026-02-24,796.25,796.25,Paid,0
44198,30140,2026-03-24,796.25,796.25,Paid,0
44199,30140,2026-04-25,796.25,796.25,Paid,0
44200,30140,2026-05-22,796.25,796.25,Paid,0
44201,30141,2024-01-05,178.58,178.58,Paid,0
44202,30141,2024-02-03,178.58,178.58,Paid,0
44203,30141,2024-03-01,178.58,178.58,Paid,0
44204,30141,2024-04-02,178.58,178.58,Paid,0
44205,30141,2024-05-04,178.58,178.58,Paid,0
44206,30141,2024-05-30,178.58,178.58,Paid,0
44207,30141,2024-07-01,178.58,178.58,Paid,0
44208,30141,2024-07-31,178.58,178.58,Paid,0
44209,30141,2024-08-29,178.58,178.58,Paid,0
44210,30141,2024-09-28,178.58,178.58,Paid,0
44211,30141,2024-10-29,178.58,178.58,Paid,0
44212,30141,2024-11-26,178.58,178.58,Paid,0
44213,30141,2024-12-31,178.58,178.58,Paid,0
44214,30141,2025-01-26,178.58,178.58,Paid,0
44215,30141,2025-02-26,178.58,178.58,Paid,0
44216,30141,2025-03-29,178.58,178.58,Paid,0
44217,30141,2025-04-28,178.58,178.58,Paid,0
44218,30141,2025-05-29,178.58,178.58,Paid,0
44219,30141,2025-06-24,178.58,178.58,Paid,0
44220,30141,2025-07-25,178.58,178.58,Paid,0
44221,30141,2025-08-23,178.58,178.58,Paid,0
44222,30141,2025-09-24,178.58,178.58,Paid,0
44223,30141,2025-10-27,178.58,178.58,Paid,0
44224,30141,2025-11-26,178.58,178.58,Paid,0
44225,30141,2025-12-26,178.58,178.58,Paid,0
44226,30141,2026-01-25,178.58,178.58,Paid,0
44227,30141,2026-02-21,178.58,178.58,Paid,0
44228,30141,2026-03-26,178.58,178.58,Paid,0
44229,30141,2026-04-24,178.58,178.58,Paid,0
44230,30141,2026-05-23,178.58,178.58,Paid,0
44231,30142,2024-01-02,1112.16,1112.16,Paid,0
44232,30142,2024-02-01,1112.16,1112.16,Paid,0
44233,30142,2024-03-02,1112.16,1112.16,Paid,0
44234,30142,2024-04-02,1112.16,1112.16,Paid,0
44235,30142,2024-05-04,1112.16,1112.16,Paid,0
44236,30142,2024-06-03,1112.16,1112.16,Paid,0
44237,30142,2024-07-03,1112.16,871.31,Partial,44
44238,30142,2024-07-30,1112.16,1112.16,Paid,0
44239,30142,2024-09-01,1112.16,1112.16,Paid,0
44240,30142,2024-09-29,1112.16,1112.16,Paid,0
44241,30142,2024-10-30,1112.16,1112.16,Paid,0
44242,30142,2024-11-30,1112.16,1112.16,Paid,0
44243,30142,2024-12-29,1112.16,231.93,Partial,63
44244,30142,2025-01-25,1112.16,1112.16,Paid,0
44245,30142,2025-02-26,1112.16,1112.16,Paid,0
44246,30142,2025-03-27,1112.16,1112.16,Paid,0
44247,30142,2025-04-30,1112.16,1112.16,Paid,0
44248,30142,2025-05-30,1112.16,1112.16,Paid,0
44249,30142,2025-06-27,1112.16,1112.16,Paid,0
44250,30142,2025-07-29,1112.16,782.95,Partial,57
44251,30142,2025-08-27,1112.16,717.15,Partial,26
44252,30142,2025-09-27,1112.16,1112.16,Paid,0
44253,30142,2025-10-27,1112.16,1112.16,Paid,0
44254,30142,2025-11-23,1112.16,1112.16,Paid,0
44255,30142,2025-12-23,1112.16,1112.16,Paid,0
44256,30142,2026-01-24,1112.16,1112.16,Paid,0
44257,30142,2026-02-23,1112.16,1112.16,Paid,0
44258,30142,2026-03-21,1112.16,1112.16,Paid,0
44259,30142,2026-04-24,1112.16,1112.16,Paid,0
44260,30142,2026-05-22,1112.16,1112.16,Paid,0
44261,30143,2024-01-02,2292.12,2292.12,Paid,0
44262,30143,2024-02-05,2292.12,2292.12,Paid,0
44263,30143,2024-03-02,2292.12,2292.12,Paid,0
44264,30143,2024-04-03,2292.12,2292.12,Paid,0
44265,30143,2024-05-04,2292.12,2292.12,Paid,0
44266,30143,2024-06-01,2292.12,2292.12,Paid,0
44267,30143,2024-06-30,2292.12,2292.12,Paid,0
44268,30143,2024-07-29,2292.12,640.71,Partial,22
44269,30143,2024-08-28,2292.12,2292.12,Paid,0
44270,30143,2024-09-28,2292.12,2292.12,Paid,0
44271,30143,2024-10-31,2292.12,2292.12,Paid,0
44272,30143,2024-11-26,2292.12,2292.12,Paid,0
44273,30143,2024-12-26,2292.12,2292.12,Paid,0
44274,30143,2025-01-30,2292.12,2292.12,Paid,0
44275,30143,2025-02-27,2292.12,2292.12,Paid,0
44276,30143,2025-03-26,2292.12,2292.12,Paid,0
44277,30143,2025-04-25,2292.12,2292.12,Paid,0
44278,30143,2025-05-26,2292.12,2292.12,Paid,0
44279,30143,2025-06-26,2292.12,2292.12,Paid,0
44280,30143,2025-07-28,2292.12,2292.12,Paid,0
44281,30143,2025-08-23,2292.12,2292.12,Paid,0
44282,30143,2025-09-25,2292.12,2292.12,Paid,0
44283,30143,2025-10-23,2292.12,2292.12,Paid,0
44284,30143,2025-11-26,2292.12,2292.12,Paid,0
44285,30143,2025-12-24,2292.12,0,Missed,19
44286,30143,2026-01-23,2292.12,2292.12,Paid,0
44287,30143,2026-02-22,2292.12,2292.12,Paid,0
44288,30143,2026-03-23,2292.12,2292.12,Paid,0
44289,30143,2026-04-24,2292.12,2292.12,Paid,0
44290,30143,2026-05-25,2292.12,2292.12,Paid,0
44291,30144,2024-01-05,533.33,533.33,Paid,0
44292,30144,2024-02-02,533.33,533.33,Paid,0
44293,30144,2024-03-05,533.33,533.33,Paid,0
44294,30144,2024-04-03,533.33,533.33,Paid,0
44295,30144,2024-05-01,533.33,533.33,Paid,0
44296,30144,2024-06-01,533.33,269.72,Partial,34
44297,30144,2024-06-30,533.33,533.33,Paid,0
44298,30144,2024-08-01,533.33,533.33,Paid,0
44299,30144,2024-08-28,533.33,248.49,Partial,43
44300,30144,2024-10-02,533.33,533.33,Paid,0
44301,30144,2024-10-28,533.33,533.33,Paid,0
44302,30144,2024-11-26,533.33,533.33,Paid,0
44303,30144,2024-12-27,533.33,533.33,Paid,0
44304,30144,2025-01-27,533.33,533.33,Paid,0
44305,30144,2025-02-28,533.33,533.33,Paid,0
44306,30144,2025-03-31,533.33,533.33,Paid,0
44307,30144,2025-04-29,533.33,533.33,Paid,0
44308,30144,2025-05-30,533.33,533.33,Paid,0
44309,30144,2025-06-25,533.33,533.33,Paid,0
44310,30144,2025-07-27,533.33,533.33,Paid,0
44311,30144,2025-08-24,533.33,533.33,Paid,0
44312,30144,2025-09-23,533.33,533.33,Paid,0
44313,30144,2025-10-26,533.33,0,Missed,44
44314,30144,2025-11-25,533.33,533.33,Paid,0
44315,30144,2025-12-26,533.33,533.33,Paid,0
44316,30144,2026-01-22,533.33,533.33,Paid,0
44317,30144,2026-02-21,533.33,533.33,Paid,0
44318,30144,2026-03-23,533.33,533.33,Paid,0
44319,30144,2026-04-22,533.33,533.33,Paid,0
44320,30144,2026-05-22,533.33,533.33,Paid,0
44321,30145,2024-01-04,901.6,901.6,Paid,0
44322,30145,2024-02-03,901.6,901.6,Paid,0
44323,30145,2024-03-04,901.6,901.6,Paid,0
44324,30145,2024-04-03,901.6,901.6,Paid,0
44325,30145,2024-05-01,901.6,0,Missed,52
44326,30145,2024-06-01,901.6,901.6,Paid,0
44327,30145,2024-07-04,901.6,901.6,Paid,0
44328,30145,2024-08-03,901.6,901.6,Paid,0
44329,30145,2024-08-30,901.6,901.6,Paid,0
44330,30145,2024-09-27,901.6,901.6,Paid,0
44331,30145,2024-10-30,901.6,901.6,Paid,0
44332,30145,2024-11-30,901.6,901.6,Paid,0
44333,30145,2024-12-27,901.6,901.6,Paid,0
44334,30145,2025-01-28,901.6,901.6,Paid,0
44335,30145,2025-02-24,901.6,901.6,Paid,0
44336,30145,2025-03-27,901.6,901.6,Paid,0
44337,30145,2025-04-28,901.6,501.08,Partial,63
44338,30145,2025-05-25,901.6,901.6,Paid,0
44339,30145,2025-06-27,901.6,901.6,Paid,0
44340,30145,2025-07-29,901.6,901.6,Paid,0
44341,30145,2025-08-25,901.6,0,Missed,40
44342,30145,2025-09-25,901.6,901.6,Paid,0
44343,30145,2025-10-22,901.6,901.6,Paid,0
44344,30145,2025-11-23,901.6,901.6,Paid,0
44345,30145,2025-12-24,901.6,240.38,Partial,11
44346,30145,2026-01-25,901.6,901.6,Paid,0
44347,30145,2026-02-24,901.6,901.6,Paid,0
44348,30145,2026-03-22,901.6,901.6,Paid,0
44349,30145,2026-04-24,901.6,901.6,Paid,0
44350,30145,2026-05-21,901.6,901.6,Paid,0
44351,30146,2024-01-04,3327.34,3327.34,Paid,0
44352,30146,2024-02-04,3327.34,3327.34,Paid,0
44353,30146,2024-03-06,3327.34,3327.34,Paid,0
44354,30146,2024-04-04,3327.34,3327.34,Paid,0
44355,30146,2024-05-05,3327.34,3327.34,Paid,0
44356,30146,2024-05-30,3327.34,3327.34,Paid,0
44357,30146,2024-07-04,3327.34,3327.34,Paid,0
44358,30146,2024-07-31,3327.34,0,Missed,26
44359,30146,2024-08-31,3327.34,3327.34,Paid,0
44360,30146,2024-09-28,3327.34,3327.34,Paid,0
44361,30146,2024-10-30,3327.34,3327.34,Paid,0
44362,30146,2024-11-28,3327.34,3327.34,Paid,0
44363,30146,2024-12-31,3327.34,0,Missed,19
44364,30146,2025-01-27,3327.34,3327.34,Paid,0
44365,30146,2025-02-24,3327.34,3327.34,Paid,0
44366,30146,2025-03-31,3327.34,3327.34,Paid,0
44367,30146,2025-04-28,3327.34,3327.34,Paid,0
44368,30146,2025-05-25,3327.34,3327.34,Paid,0
44369,30146,2025-06-24,3327.34,1688.15,Partial,4
44370,30146,2025-07-28,3327.34,3327.34,Paid,0
44371,30146,2025-08-23,3327.34,0,Missed,58
44372,30146,2025-09-24,3327.34,3327.34,Paid,0
44373,30146,2025-10-25,3327.34,3327.34,Paid,0
44374,30146,2025-11-23,3327.34,3327.34,Paid,0
44375,30146,2025-12-26,3327.34,3327.34,Paid,0
44376,30146,2026-01-20,3327.34,0,Missed,52
44377,30146,2026-02-19,3327.34,3327.34,Paid,0
44378,30146,2026-03-25,3327.34,3327.34,Paid,0
44379,30146,2026-04-20,3327.34,3327.34,Paid,0
44380,30146,2026-05-23,3327.34,3327.34,Paid,0
44381,30147,2024-01-02,2659.31,2659.31,Paid,0
44382,30147,2024-02-05,2659.31,2659.31,Paid,0
44383,30147,2024-03-03,2659.31,2659.31,Paid,0
44384,30147,2024-04-05,2659.31,2659.31,Paid,0
44385,30147,2024-05-02,2659.31,2659.31,Paid,0
44386,30147,2024-06-04,2659.31,2659.31,Paid,0
44387,30147,2024-07-02,2659.31,2659.31,Paid,0
44388,30147,2024-08-03,2659.31,2659.31,Paid,0
44389,30147,2024-08-31,2659.31,1172.44,Partial,21
44390,30147,2024-09-27,2659.31,2659.31,Paid,0
44391,30147,2024-10-30,2659.31,2659.31,Paid,0
44392,30147,2024-11-27,2659.31,2659.31,Paid,0
44393,30147,2024-12-27,2659.31,2659.31,Paid,0
44394,30147,2025-01-26,2659.31,2659.31,Paid,0
44395,30147,2025-02-26,2659.31,2659.31,Paid,0
44396,30147,2025-03-31,2659.31,2659.31,Paid,0
44397,30147,2025-04-29,2659.31,1957.11,Partial,48
44398,30147,2025-05-29,2659.31,2659.31,Paid,0
44399,30147,2025-06-25,2659.31,2659.31,Paid,0
44400,30147,2025-07-25,2659.31,2659.31,Paid,0
44401,30147,2025-08-27,2659.31,2659.31,Paid,0
44402,30147,2025-09-22,2659.31,2659.31,Paid,0
44403,30147,2025-10-26,2659.31,2659.31,Paid,0
44404,30147,2025-11-21,2659.31,2659.31,Paid,0
44405,30147,2025-12-23,2659.31,1582.02,Partial,15
44406,30147,2026-01-22,2659.31,2659.31,Paid,0
44407,30147,2026-02-21,2659.31,2659.31,Paid,0
44408,30147,2026-03-22,2659.31,2659.31,Paid,0
44409,30147,2026-04-20,2659.31,2659.31,Paid,0
44410,30147,2026-05-23,2659.31,2659.31,Paid,0
44411,30148,2024-01-04,935.07,935.07,Paid,0
44412,30148,2024-02-05,935.07,935.07,Paid,0
44413,30148,2024-03-02,935.07,935.07,Paid,0
44414,30148,2024-04-03,935.07,935.07,Paid,0
44415,30148,2024-05-01,935.07,935.07,Paid,0
44416,30148,2024-06-02,935.07,935.07,Paid,0
44417,30148,2024-06-29,935.07,935.07,Paid,0
44418,30148,2024-07-30,935.07,935.07,Paid,0
44419,30148,2024-09-01,935.07,935.07,Paid,0
44420,30148,2024-09-27,935.07,935.07,Paid,0
44421,30148,2024-10-28,935.07,935.07,Paid,0
44422,30148,2024-11-29,935.07,935.07,Paid,0
44423,30148,2024-12-28,935.07,935.07,Paid,0
44424,30148,2025-01-27,935.07,935.07,Paid,0
44425,30148,2025-02-25,935.07,0,Missed,54
44426,30148,2025-03-30,935.07,935.07,Paid,0
44427,30148,2025-04-27,935.07,935.07,Paid,0
44428,30148,2025-05-28,935.07,935.07,Paid,0
44429,30148,2025-06-27,935.07,935.07,Paid,0
44430,30148,2025-07-27,935.07,0,Missed,9
44431,30148,2025-08-25,935.07,935.07,Paid,0
44432,30148,2025-09-24,935.07,935.07,Paid,0
44433,30148,2025-10-25,935.07,552.81,Partial,17
44434,30148,2025-11-26,935.07,935.07,Paid,0
44435,30148,2025-12-26,935.07,935.07,Paid,0
44436,30148,2026-01-23,935.07,935.07,Paid,0
44437,30148,2026-02-21,935.07,935.07,Paid,0
44438,30148,2026-03-23,935.07,935.07,Paid,0
44439,30148,2026-04-21,935.07,935.07,Paid,0
44440,30148,2026-05-20,935.07,935.07,Paid,0
44441,30149,2024-01-02,1135.95,1135.95,Paid,0
44442,30149,2024-02-03,1135.95,1135.95,Paid,0
44443,30149,2024-03-01,1135.95,1135.95,Paid,0
44444,30149,2024-04-01,1135.95,1135.95,Paid,0
44445,30149,2024-05-05,1135.95,1135.95,Paid,0
44446,30149,2024-06-03,1135.95,1135.95,Paid,0
44447,30149,2024-06-30,1135.95,1135.95,Paid,0
44448,30149,2024-07-30,1135.95,885.11,Partial,50
44449,30149,2024-09-02,1135.95,1135.95,Paid,0
44450,30149,2024-09-27,1135.95,1135.95,Paid,0
44451,30149,2024-10-27,1135.95,1135.95,Paid,0
44452,30149,2024-11-28,1135.95,1135.95,Paid,0
44453,30149,2024-12-28,1135.95,407.93,Partial,23
44454,30149,2025-01-25,1135.95,1135.95,Paid,0
44455,30149,2025-02-26,1135.95,1135.95,Paid,0
44456,30149,2025-03-29,1135.95,1135.95,Paid,0
44457,30149,2025-04-26,1135.95,258.88,Partial,27
44458,30149,2025-05-29,1135.95,1135.95,Paid,0
44459,30149,2025-06-25,1135.95,1135.95,Paid,0
44460,30149,2025-07-24,1135.95,1135.95,Paid,0
44461,30149,2025-08-24,1135.95,1135.95,Paid,0
44462,30149,2025-09-22,1135.95,1135.95,Paid,0
44463,30149,2025-10-25,1135.95,1135.95,Paid,0
44464,30149,2025-11-24,1135.95,1135.95,Paid,0
44465,30149,2025-12-25,1135.95,1135.95,Paid,0
44466,30149,2026-01-24,1135.95,1135.95,Paid,0
44467,30149,2026-02-19,1135.95,1135.95,Paid,0
44468,30149,2026-03-24,1135.95,402.26,Partial,23
44469,30149,2026-04-25,1135.95,1135.95,Paid,0
44470,30149,2026-05-24,1135.95,1135.95,Paid,0
44471,30150,2024-01-01,1469.17,1469.17,Paid,0
44472,30150,2024-02-05,1469.17,1469.17,Paid,0
44473,30150,2024-03-05,1469.17,1469.17,Paid,0
44474,30150,2024-04-01,1469.17,1469.17,Paid,0
44475,30150,2024-05-01,1469.17,1469.17,Paid,0
44476,30150,2024-05-30,1469.17,1469.17,Paid,0
44477,30150,2024-07-04,1469.17,1469.17,Paid,0
44478,30150,2024-08-02,1469.17,1469.17,Paid,0
44479,30150,2024-08-29,1469.17,1469.17,Paid,0
44480,30150,2024-10-02,1469.17,1469.17,Paid,0
44481,30150,2024-10-29,1469.17,1469.17,Paid,0
44482,30150,2024-11-29,1469.17,1469.17,Paid,0
44483,30150,2024-12-30,1469.17,1469.17,Paid,0
44484,30150,2025-01-27,1469.17,1469.17,Paid,0
44485,30150,2025-02-25,1469.17,1469.17,Paid,0
44486,30150,2025-03-28,1469.17,1469.17,Paid,0
44487,30150,2025-04-29,1469.17,1469.17,Paid,0
44488,30150,2025-05-25,1469.17,1469.17,Paid,0
44489,30150,2025-06-27,1469.17,1469.17,Paid,0
44490,30150,2025-07-25,1469.17,0,Missed,3
44491,30150,2025-08-24,1469.17,1469.17,Paid,0
44492,30150,2025-09-23,1469.17,1469.17,Paid,0
44493,30150,2025-10-24,1469.17,1469.17,Paid,0
44494,30150,2025-11-24,1469.17,1469.17,Paid,0
44495,30150,2025-12-23,1469.17,1469.17,Paid,0
44496,30150,2026-01-24,1469.17,1469.17,Paid,0
44497,30150,2026-02-20,1469.17,1469.17,Paid,0
44498,30150,2026-03-23,1469.17,1469.17,Paid,0
44499,30150,2026-04-20,1469.17,1469.17,Paid,0
44500,30150,2026-05-25,1469.17,1469.17,Paid,0
44501,30151,2024-01-03,1030.43,1030.43,Paid,0
44502,30151,2024-02-01,1030.43,1030.43,Paid,0
44503,30151,2024-03-04,1030.43,1030.43,Paid,0
44504,30151,2024-04-03,1030.43,1030.43,Paid,0
44505,30151,2024-05-05,1030.43,1030.43,Paid,0
44506,30151,2024-06-03,1030.43,1030.43,Paid,0
44507,30151,2024-07-01,1030.43,1030.43,Paid,0
44508,30151,2024-07-29,1030.43,0,Missed,11
44509,30151,2024-08-28,1030.43,1030.43,Paid,0
44510,30151,2024-09-30,1030.43,1030.43,Paid,0
44511,30151,2024-10-27,1030.43,1030.43,Paid,0
44512,30151,2024-11-28,1030.43,1030.43,Paid,0
44513,30151,2024-12-28,1030.43,1030.43,Paid,0
44514,30151,2025-01-28,1030.43,1030.43,Paid,0
44515,30151,2025-02-24,1030.43,0,Missed,65
44516,30151,2025-03-30,1030.43,1030.43,Paid,0
44517,30151,2025-04-29,1030.43,1030.43,Paid,0
44518,30151,2025-05-30,1030.43,1030.43,Paid,0
44519,30151,2025-06-24,1030.43,1030.43,Paid,0
44520,30151,2025-07-29,1030.43,1030.43,Paid,0
44521,30151,2025-08-27,1030.43,1030.43,Paid,0
44522,30151,2025-09-26,1030.43,1030.43,Paid,0
44523,30151,2025-10-26,1030.43,1030.43,Paid,0
44524,30151,2025-11-25,1030.43,1030.43,Paid,0
44525,30151,2025-12-22,1030.43,1030.43,Paid,0
44526,30151,2026-01-24,1030.43,1030.43,Paid,0
44527,30151,2026-02-20,1030.43,1030.43,Paid,0
44528,30151,2026-03-22,1030.43,1030.43,Paid,0
44529,30151,2026-04-24,1030.43,1030.43,Paid,0
44530,30151,2026-05-25,1030.43,1030.43,Paid,0
44531,30152,2024-01-05,1074.97,1074.97,Paid,0
44532,30152,2024-02-01,1074.97,1074.97,Paid,0
44533,30152,2024-03-04,1074.97,1074.97,Paid,0
44534,30152,2024-04-04,1074.97,0,Missed,60
44535,30152,2024-05-03,1074.97,1074.97,Paid,0
44536,30152,2024-05-31,1074.97,1074.97,Paid,0
44537,30152,2024-07-01,1074.97,1074.97,Paid,0
44538,30152,2024-07-31,1074.97,1074.97,Paid,0
44539,30152,2024-09-02,1074.97,1074.97,Paid,0
44540,30152,2024-10-02,1074.97,1074.97,Paid,0
44541,30152,2024-10-27,1074.97,1074.97,Paid,0
44542,30152,2024-11-29,1074.97,1074.97,Paid,0
44543,30152,2024-12-29,1074.97,1074.97,Paid,0
44544,30152,2025-01-26,1074.97,1074.97,Paid,0
44545,30152,2025-02-25,1074.97,1074.97,Paid,0
44546,30152,2025-03-29,1074.97,1074.97,Paid,0
44547,30152,2025-04-26,1074.97,1074.97,Paid,0
44548,30152,2025-05-25,1074.97,1074.97,Paid,0
44549,30152,2025-06-26,1074.97,1074.97,Paid,0
44550,30152,2025-07-27,1074.97,1074.97,Paid,0
44551,30152,2025-08-28,1074.97,1074.97,Paid,0
44552,30152,2025-09-27,1074.97,1074.97,Paid,0
44553,30152,2025-10-25,1074.97,1074.97,Paid,0
44554,30152,2025-11-23,1074.97,1074.97,Paid,0
44555,30152,2025-12-21,1074.97,1074.97,Paid,0
44556,30152,2026-01-24,1074.97,1074.97,Paid,0
44557,30152,2026-02-19,1074.97,1074.97,Paid,0
44558,30152,2026-03-25,1074.97,1074.97,Paid,0
44559,30152,2026-04-25,1074.97,1074.97,Paid,0
44560,30152,2026-05-20,1074.97,1074.97,Paid,0
44561,30153,2024-01-05,2349.9,2349.9,Paid,0
44562,30153,2024-01-31,2349.9,1533.43,Partial,49
44563,30153,2024-03-03,2349.9,2349.9,Paid,0
44564,30153,2024-03-31,2349.9,2349.9,Paid,0
44565,30153,2024-05-02,2349.9,2349.9,Paid,0
44566,30153,2024-06-02,2349.9,2349.9,Paid,0
44567,30153,2024-06-30,2349.9,2349.9,Paid,0
44568,30153,2024-08-03,2349.9,2349.9,Paid,0
44569,30153,2024-08-31,2349.9,2349.9,Paid,0
44570,30153,2024-09-28,2349.9,2349.9,Paid,0
44571,30153,2024-10-27,2349.9,0,Missed,41
44572,30153,2024-11-30,2349.9,2349.9,Paid,0
44573,30153,2024-12-27,2349.9,2349.9,Paid,0
44574,30153,2025-01-30,2349.9,2349.9,Paid,0
44575,30153,2025-03-01,2349.9,0,Missed,29
44576,30153,2025-03-26,2349.9,2349.9,Paid,0
44577,30153,2025-04-27,2349.9,2349.9,Paid,0
44578,30153,2025-05-30,2349.9,2349.9,Paid,0
44579,30153,2025-06-26,2349.9,2349.9,Paid,0
44580,30153,2025-07-26,2349.9,2349.9,Paid,0
44581,30153,2025-08-25,2349.9,0,Missed,8
44582,30153,2025-09-22,2349.9,2349.9,Paid,0
44583,30153,2025-10-25,2349.9,2349.9,Paid,0
44584,30153,2025-11-24,2349.9,2349.9,Paid,0
44585,30153,2025-12-24,2349.9,2349.9,Paid,0
44586,30153,2026-01-20,2349.9,0,Missed,55
44587,30153,2026-02-24,2349.9,2349.9,Paid,0
44588,30153,2026-03-25,2349.9,2349.9,Paid,0
44589,30153,2026-04-23,2349.9,2349.9,Paid,0
44590,30153,2026-05-25,2349.9,2349.9,Paid,0
44591,30154,2024-01-05,1278.86,1278.86,Paid,0
44592,30154,2024-02-05,1278.86,0,Missed,39
44593,30154,2024-03-01,1278.86,1278.86,Paid,0
44594,30154,2024-04-01,1278.86,1278.86,Paid,0
44595,30154,2024-05-05,1278.86,1278.86,Paid,0
44596,30154,2024-06-03,1278.86,1278.86,Paid,0
44597,30154,2024-07-02,1278.86,1278.86,Paid,0
44598,30154,2024-07-29,1278.86,1278.86,Paid,0
44599,30154,2024-08-31,1278.86,1278.86,Paid,0
44600,30154,2024-10-01,1278.86,1278.86,Paid,0
44601,30154,2024-10-27,1278.86,879.72,Partial,43
44602,30154,2024-12-01,1278.86,1278.86,Paid,0
44603,30154,2024-12-31,1278.86,421.54,Partial,14
44604,30154,2025-01-25,1278.86,1278.86,Paid,0
44605,30154,2025-02-26,1278.86,1278.86,Paid,0
44606,30154,2025-03-29,1278.86,1278.86,Paid,0
44607,30154,2025-04-30,1278.86,1278.86,Paid,0
44608,30154,2025-05-27,1278.86,1278.86,Paid,0
44609,30154,2025-06-29,1278.86,1278.86,Paid,0
44610,30154,2025-07-25,1278.86,1278.86,Paid,0
44611,30154,2025-08-23,1278.86,1278.86,Paid,0
44612,30154,2025-09-27,1278.86,0,Missed,19
44613,30154,2025-10-23,1278.86,1278.86,Paid,0
44614,30154,2025-11-25,1278.86,1278.86,Paid,0
44615,30154,2025-12-26,1278.86,1278.86,Paid,0
44616,30154,2026-01-22,1278.86,1278.86,Paid,0
44617,30154,2026-02-20,1278.86,1278.86,Paid,0
44618,30154,2026-03-21,1278.86,1278.86,Paid,0
44619,30154,2026-04-24,1278.86,1278.86,Paid,0
44620,30154,2026-05-21,1278.86,1278.86,Paid,0
44621,30155,2024-01-03,83.58,83.58,Paid,0
44622,30155,2024-02-05,83.58,83.58,Paid,0
44623,30155,2024-03-04,83.58,83.58,Paid,0
44624,30155,2024-04-03,83.58,83.58,Paid,0
44625,30155,2024-05-03,83.58,83.58,Paid,0
44626,30155,2024-06-04,83.58,83.58,Paid,0
44627,30155,2024-07-01,83.58,83.58,Paid,0
44628,30155,2024-07-31,83.58,83.58,Paid,0
44629,30155,2024-08-29,83.58,83.58,Paid,0
44630,30155,2024-09-27,83.58,83.58,Paid,0
44631,30155,2024-10-29,83.58,51.83,Partial,38
44632,30155,2024-11-28,83.58,83.58,Paid,0
44633,30155,2024-12-30,83.58,83.58,Paid,0
44634,30155,2025-01-29,83.58,83.58,Paid,0
44635,30155,2025-02-25,83.58,83.58,Paid,0
44636,30155,2025-03-31,83.58,83.58,Paid,0
44637,30155,2025-04-30,83.58,83.58,Paid,0
44638,30155,2025-05-27,83.58,83.58,Paid,0
44639,30155,2025-06-26,83.58,83.58,Paid,0
44640,30155,2025-07-27,83.58,83.58,Paid,0
44641,30155,2025-08-26,83.58,83.58,Paid,0
44642,30155,2025-09-27,83.58,83.58,Paid,0
44643,30155,2025-10-24,83.58,83.58,Paid,0
44644,30155,2025-11-21,83.58,83.58,Paid,0
44645,30155,2025-12-22,83.58,83.58,Paid,0
44646,30155,2026-01-20,83.58,83.58,Paid,0
44647,30155,2026-02-20,83.58,83.58,Paid,0
44648,30155,2026-03-23,83.58,83.58,Paid,0
44649,30155,2026-04-21,83.58,83.58,Paid,0
44650,30155,2026-05-21,83.58,83.58,Paid,0
44651,30156,2024-01-02,3100.02,3100.02,Paid,0
44652,30156,2024-02-01,3100.02,3100.02,Paid,0
44653,30156,2024-03-03,3100.02,3100.02,Paid,0
44654,30156,2024-03-31,3100.02,3100.02,Paid,0
44655,30156,2024-05-03,3100.02,3100.02,Paid,0
44656,30156,2024-06-02,3100.02,3100.02,Paid,0
44657,30156,2024-07-03,3100.02,3100.02,Paid,0
44658,30156,2024-07-30,3100.02,3100.02,Paid,0
44659,30156,2024-09-01,3100.02,3100.02,Paid,0
44660,30156,2024-10-01,3100.02,2441.2,Partial,50
44661,30156,2024-10-29,3100.02,3100.02,Paid,0
44662,30156,2024-11-28,3100.02,3100.02,Paid,0
44663,30156,2024-12-28,3100.02,3100.02,Paid,0
44664,30156,2025-01-27,3100.02,2362.69,Partial,23
44665,30156,2025-02-28,3100.02,3100.02,Paid,0
44666,30156,2025-03-31,3100.02,3100.02,Paid,0
44667,30156,2025-04-30,3100.02,3100.02,Paid,0
44668,30156,2025-05-29,3100.02,3100.02,Paid,0
44669,30156,2025-06-24,3100.02,0,Missed,53
44670,30156,2025-07-28,3100.02,3100.02,Paid,0
44671,30156,2025-08-27,3100.02,3100.02,Paid,0
44672,30156,2025-09-26,3100.02,3100.02,Paid,0
44673,30156,2025-10-24,3100.02,3100.02,Paid,0
44674,30156,2025-11-26,3100.02,0,Missed,55
44675,30156,2025-12-22,3100.02,3100.02,Paid,0
44676,30156,2026-01-24,3100.02,3100.02,Paid,0
44677,30156,2026-02-22,3100.02,3100.02,Paid,0
44678,30156,2026-03-24,3100.02,3100.02,Paid,0
44679,30156,2026-04-20,3100.02,0,Missed,13
44680,30156,2026-05-20,3100.02,3100.02,Paid,0
44681,30157,2024-01-05,202.16,202.16,Paid,0
44682,30157,2024-02-02,202.16,202.16,Paid,0
44683,30157,2024-03-06,202.16,202.16,Paid,0
44684,30157,2024-04-05,202.16,202.16,Paid,0
44685,30157,2024-05-05,202.16,202.16,Paid,0
44686,30157,2024-06-01,202.16,128.71,Partial,48
44687,30157,2024-07-03,202.16,202.16,Paid,0
44688,30157,2024-08-03,202.16,202.16,Paid,0
44689,30157,2024-08-29,202.16,0,Missed,16
44690,30157,2024-10-02,202.16,202.16,Paid,0
44691,30157,2024-10-31,202.16,202.16,Paid,0
44692,30157,2024-11-28,202.16,202.16,Paid,0
44693,30157,2024-12-30,202.16,202.16,Paid,0
44694,30157,2025-01-29,202.16,57.93,Partial,37
44695,30157,2025-03-01,202.16,202.16,Paid,0
44696,30157,2025-03-26,202.16,0,Missed,6
44697,30157,2025-04-30,202.16,202.16,Paid,0
44698,30157,2025-05-29,202.16,202.16,Paid,0
44699,30157,2025-06-24,202.16,202.16,Paid,0
44700,30157,2025-07-28,202.16,202.16,Paid,0
44701,30157,2025-08-24,202.16,202.16,Paid,0
44702,30157,2025-09-23,202.16,0,Missed,52
44703,30157,2025-10-23,202.16,202.16,Paid,0
44704,30157,2025-11-21,202.16,202.16,Paid,0
44705,30157,2025-12-24,202.16,202.16,Paid,0
44706,30157,2026-01-22,202.16,202.16,Paid,0
44707,30157,2026-02-22,202.16,202.16,Paid,0
44708,30157,2026-03-26,202.16,202.16,Paid,0
44709,30157,2026-04-23,202.16,202.16,Paid,0
44710,30157,2026-05-23,202.16,202.16,Paid,0
44711,30158,2024-01-03,973.42,973.42,Paid,0
44712,30158,2024-02-02,973.42,973.42,Paid,0
44713,30158,2024-03-06,973.42,973.42,Paid,0
44714,30158,2024-04-02,973.42,973.42,Paid,0
44715,30158,2024-05-01,973.42,973.42,Paid,0
44716,30158,2024-05-31,973.42,973.42,Paid,0
44717,30158,2024-07-04,973.42,973.42,Paid,0
44718,30158,2024-07-31,973.42,973.42,Paid,0
44719,30158,2024-08-28,973.42,973.42,Paid,0
44720,30158,2024-09-27,973.42,973.42,Paid,0
44721,30158,2024-10-27,973.42,0,Missed,6
44722,30158,2024-12-01,973.42,973.42,Paid,0
44723,30158,2024-12-27,973.42,973.42,Paid,0
44724,30158,2025-01-29,973.42,973.42,Paid,0
44725,30158,2025-02-26,973.42,973.42,Paid,0
44726,30158,2025-03-26,973.42,973.42,Paid,0
44727,30158,2025-04-29,973.42,973.42,Paid,0
44728,30158,2025-05-25,973.42,0,Missed,15
44729,30158,2025-06-29,973.42,973.42,Paid,0
44730,30158,2025-07-25,973.42,973.42,Paid,0
44731,30158,2025-08-25,973.42,973.42,Paid,0
44732,30158,2025-09-27,973.42,544.95,Partial,39
44733,30158,2025-10-23,973.42,607.24,Partial,59
44734,30158,2025-11-22,973.42,973.42,Paid,0
44735,30158,2025-12-24,973.42,973.42,Paid,0
44736,30158,2026-01-20,973.42,713.46,Partial,53
44737,30158,2026-02-19,973.42,973.42,Paid,0
44738,30158,2026-03-23,973.42,0,Missed,45
44739,30158,2026-04-21,973.42,0,Missed,45
44740,30158,2026-05-21,973.42,0,Missed,45
44741,30159,2024-01-02,1567.86,0,Missed,61
44742,30159,2024-02-02,1567.86,1187.13,Partial,38
44743,30159,2024-03-04,1567.86,1567.86,Paid,0
44744,30159,2024-03-31,1567.86,1567.86,Paid,0
44745,30159,2024-04-30,1567.86,1567.86,Paid,0
44746,30159,2024-06-01,1567.86,1567.86,Paid,0
44747,30159,2024-07-02,1567.86,1567.86,Paid,0
44748,30159,2024-08-01,1567.86,1567.86,Paid,0
44749,30159,2024-08-28,1567.86,1180.09,Partial,54
44750,30159,2024-10-02,1567.86,1567.86,Paid,0
44751,30159,2024-10-31,1567.86,1567.86,Paid,0
44752,30159,2024-11-30,1567.86,1567.86,Paid,0
44753,30159,2024-12-31,1567.86,1567.86,Paid,0
44754,30159,2025-01-29,1567.86,1567.86,Paid,0
44755,30159,2025-03-01,1567.86,1567.86,Paid,0
44756,30159,2025-03-29,1567.86,1567.86,Paid,0
44757,30159,2025-04-30,1567.86,1567.86,Paid,0
44758,30159,2025-05-27,1567.86,1567.86,Paid,0
44759,30159,2025-06-25,1567.86,1567.86,Paid,0
44760,30159,2025-07-29,1567.86,1567.86,Paid,0
44761,30159,2025-08-26,1567.86,1567.86,Paid,0
44762,30159,2025-09-25,1567.86,1567.86,Paid,0
44763,30159,2025-10-22,1567.86,1567.86,Paid,0
44764,30159,2025-11-24,1567.86,1567.86,Paid,0
44765,30159,2025-12-23,1567.86,1567.86,Paid,0
44766,30159,2026-01-22,1567.86,1567.86,Paid,0
44767,30159,2026-02-24,1567.86,1567.86,Paid,0
44768,30159,2026-03-21,1567.86,1567.86,Paid,0
44769,30159,2026-04-20,1567.86,1567.86,Paid,0
44770,30159,2026-05-24,1567.86,1567.86,Paid,0
44771,30160,2024-01-05,1031.42,1031.42,Paid,0
44772,30160,2024-02-05,1031.42,1031.42,Paid,0
44773,30160,2024-03-01,1031.42,1031.42,Paid,0
44774,30160,2024-03-31,1031.42,0,Missed,27
44775,30160,2024-05-01,1031.42,1031.42,Paid,0
44776,30160,2024-06-03,1031.42,1031.42,Paid,0
44777,30160,2024-07-04,1031.42,1031.42,Paid,0
44778,30160,2024-08-03,1031.42,1031.42,Paid,0
44779,30160,2024-08-29,1031.42,1031.42,Paid,0
44780,30160,2024-10-02,1031.42,1031.42,Paid,0
44781,30160,2024-10-28,1031.42,1031.42,Paid,0
44782,30160,2024-11-27,1031.42,647.16,Partial,7
44783,30160,2024-12-31,1031.42,1031.42,Paid,0
44784,30160,2025-01-26,1031.42,1031.42,Paid,0
44785,30160,2025-02-28,1031.42,1031.42,Paid,0
44786,30160,2025-03-29,1031.42,1031.42,Paid,0
44787,30160,2025-04-30,1031.42,1031.42,Paid,0
44788,30160,2025-05-27,1031.42,1031.42,Paid,0
44789,30160,2025-06-25,1031.42,1031.42,Paid,0
44790,30160,2025-07-26,1031.42,0,Missed,27
44791,30160,2025-08-24,1031.42,1031.42,Paid,0
44792,30160,2025-09-25,1031.42,1031.42,Paid,0
44793,30160,2025-10-23,1031.42,1031.42,Paid,0
44794,30160,2025-11-25,1031.42,1031.42,Paid,0
44795,30160,2025-12-24,1031.42,1031.42,Paid,0
44796,30160,2026-01-25,1031.42,1031.42,Paid,0
44797,30160,2026-02-24,1031.42,1031.42,Paid,0
44798,30160,2026-03-26,1031.42,1031.42,Paid,0
44799,30160,2026-04-22,1031.42,1031.42,Paid,0
44800,30160,2026-05-20,1031.42,1031.42,Paid,0
44801,30161,2024-01-04,755.36,755.36,Paid,0
44802,30161,2024-02-01,755.36,755.36,Paid,0
44803,30161,2024-03-04,755.36,755.36,Paid,0
44804,30161,2024-03-31,755.36,755.36,Paid,0
44805,30161,2024-05-03,755.36,755.36,Paid,0
44806,30161,2024-06-02,755.36,755.36,Paid,0
44807,30161,2024-07-04,755.36,755.36,Paid,0
44808,30161,2024-08-03,755.36,755.36,Paid,0
44809,30161,2024-08-29,755.36,372.48,Partial,14
44810,30161,2024-10-01,755.36,755.36,Paid,0
44811,30161,2024-11-01,755.36,755.36,Paid,0
44812,30161,2024-12-01,755.36,755.36,Paid,0
44813,30161,2024-12-31,755.36,755.36,Paid,0
44814,30161,2025-01-29,755.36,755.36,Paid,0
44815,30161,2025-02-28,755.36,755.36,Paid,0
44816,30161,2025-03-26,755.36,755.36,Paid,0
44817,30161,2025-04-26,755.36,0,Missed,38
44818,30161,2025-05-28,755.36,755.36,Paid,0
44819,30161,2025-06-28,755.36,0,Missed,33
44820,30161,2025-07-27,755.36,755.36,Paid,0
44821,30161,2025-08-24,755.36,755.36,Paid,0
44822,30161,2025-09-25,755.36,755.36,Paid,0
44823,30161,2025-10-27,755.36,755.36,Paid,0
44824,30161,2025-11-22,755.36,755.36,Paid,0
44825,30161,2025-12-23,755.36,755.36,Paid,0
44826,30161,2026-01-21,755.36,755.36,Paid,0
44827,30161,2026-02-19,755.36,755.36,Paid,0
44828,30161,2026-03-25,755.36,755.36,Paid,0
44829,30161,2026-04-21,755.36,755.36,Paid,0
44830,30161,2026-05-25,755.36,755.36,Paid,0
44831,30162,2024-01-05,1123.9,1123.9,Paid,0
44832,30162,2024-02-01,1123.9,1123.9,Paid,0
44833,30162,2024-03-03,1123.9,460.88,Partial,15
44834,30162,2024-04-05,1123.9,1123.9,Paid,0
44835,30162,2024-05-03,1123.9,1123.9,Paid,0
44836,30162,2024-06-01,1123.9,1123.9,Paid,0
44837,30162,2024-06-30,1123.9,1123.9,Paid,0
44838,30162,2024-07-30,1123.9,1123.9,Paid,0
44839,30162,2024-09-02,1123.9,1123.9,Paid,0
44840,30162,2024-09-30,1123.9,1123.9,Paid,0
44841,30162,2024-10-28,1123.9,1123.9,Paid,0
44842,30162,2024-11-28,1123.9,1123.9,Paid,0
44843,30162,2024-12-27,1123.9,1123.9,Paid,0
44844,30162,2025-01-27,1123.9,1123.9,Paid,0
44845,30162,2025-03-01,1123.9,1123.9,Paid,0
44846,30162,2025-03-30,1123.9,1123.9,Paid,0
44847,30162,2025-04-29,1123.9,1123.9,Paid,0
44848,30162,2025-05-30,1123.9,474.54,Partial,12
44849,30162,2025-06-24,1123.9,1123.9,Paid,0
44850,30162,2025-07-24,1123.9,1123.9,Paid,0
44851,30162,2025-08-27,1123.9,1123.9,Paid,0
44852,30162,2025-09-25,1123.9,1123.9,Paid,0
44853,30162,2025-10-22,1123.9,1123.9,Paid,0
44854,30162,2025-11-26,1123.9,1123.9,Paid,0
44855,30162,2025-12-25,1123.9,1123.9,Paid,0
44856,30162,2026-01-25,1123.9,1123.9,Paid,0
44857,30162,2026-02-22,1123.9,659.59,Partial,21
44858,30162,2026-03-26,1123.9,1123.9,Paid,0
44859,30162,2026-04-23,1123.9,385.05,Partial,34
44860,30162,2026-05-24,1123.9,1123.9,Paid,0
44861,30163,2024-01-06,2578.43,2578.43,Paid,0
44862,30163,2024-02-01,2578.43,2578.43,Paid,0
44863,30163,2024-03-03,2578.43,2578.43,Paid,0
44864,30163,2024-04-02,2578.43,2578.43,Paid,0
44865,30163,2024-05-01,2578.43,0,Missed,27
44866,30163,2024-06-01,2578.43,1085.12,Partial,4
44867,30163,2024-07-02,2578.43,2578.43,Paid,0
44868,30163,2024-07-30,2578.43,2578.43,Paid,0
44869,30163,2024-08-31,2578.43,2578.43,Paid,0
44870,30163,2024-10-01,2578.43,2578.43,Paid,0
44871,30163,2024-10-30,2578.43,2578.43,Paid,0
44872,30163,2024-12-01,2578.43,2578.43,Paid,0
44873,30163,2024-12-29,2578.43,2578.43,Paid,0
44874,30163,2025-01-28,2578.43,2578.43,Paid,0
44875,30163,2025-02-27,2578.43,2578.43,Paid,0
44876,30163,2025-03-29,2578.43,2578.43,Paid,0
44877,30163,2025-04-27,2578.43,2578.43,Paid,0
44878,30163,2025-05-28,2578.43,2578.43,Paid,0
44879,30163,2025-06-28,2578.43,2578.43,Paid,0
44880,30163,2025-07-25,2578.43,2578.43,Paid,0
44881,30163,2025-08-27,2578.43,2578.43,Paid,0
44882,30163,2025-09-27,2578.43,2578.43,Paid,0
44883,30163,2025-10-26,2578.43,2578.43,Paid,0
44884,30163,2025-11-24,2578.43,2578.43,Paid,0
44885,30163,2025-12-24,2578.43,2578.43,Paid,0
44886,30163,2026-01-22,2578.43,2578.43,Paid,0
44887,30163,2026-02-20,2578.43,2578.43,Paid,0
44888,30163,2026-03-25,2578.43,2578.43,Paid,0
44889,30163,2026-04-22,2578.43,1994.26,Partial,58
44890,30163,2026-05-24,2578.43,2578.43,Paid,0
44891,30164,2024-01-02,945.45,945.45,Paid,0
44892,30164,2024-02-04,945.45,563.29,Partial,62
44893,30164,2024-03-05,945.45,945.45,Paid,0
44894,30164,2024-04-03,945.45,945.45,Paid,0
44895,30164,2024-05-01,945.45,945.45,Paid,0
44896,30164,2024-06-04,945.45,945.45,Paid,0
44897,30164,2024-07-04,945.45,945.45,Paid,0
44898,30164,2024-07-30,945.45,945.45,Paid,0
44899,30164,2024-09-01,945.45,945.45,Paid,0
44900,30164,2024-09-28,945.45,945.45,Paid,0
44901,30164,2024-10-29,945.45,945.45,Paid,0
44902,30164,2024-12-01,945.45,945.45,Paid,0
44903,30164,2024-12-29,945.45,945.45,Paid,0
44904,30164,2025-01-29,945.45,945.45,Paid,0
44905,30164,2025-03-01,945.45,945.45,Paid,0
44906,30164,2025-03-31,945.45,945.45,Paid,0
44907,30164,2025-04-25,945.45,945.45,Paid,0
44908,30164,2025-05-25,945.45,682.31,Partial,24
44909,30164,2025-06-24,945.45,945.45,Paid,0
44910,30164,2025-07-26,945.45,945.45,Paid,0
44911,30164,2025-08-24,945.45,0,Missed,22
44912,30164,2025-09-22,945.45,945.45,Paid,0
44913,30164,2025-10-24,945.45,945.45,Paid,0
44914,30164,2025-11-24,945.45,945.45,Paid,0
44915,30164,2025-12-26,945.45,945.45,Paid,0
44916,30164,2026-01-22,945.45,945.45,Paid,0
44917,30164,2026-02-23,945.45,945.45,Paid,0
44918,30164,2026-03-22,945.45,945.45,Paid,0
44919,30164,2026-04-20,945.45,945.45,Paid,0
44920,30164,2026-05-24,945.45,945.45,Paid,0
44921,30165,2024-01-05,357.9,357.9,Paid,0
44922,30165,2024-02-03,357.9,357.9,Paid,0
44923,30165,2024-03-03,357.9,357.9,Paid,0
44924,30165,2024-04-01,357.9,0,Missed,45
44925,30165,2024-05-01,357.9,92.42,Partial,5
44926,30165,2024-05-31,357.9,173.11,Partial,33
44927,30165,2024-06-30,357.9,357.9,Paid,0
44928,30165,2024-08-02,357.9,357.9,Paid,0
44929,30165,2024-08-30,357.9,197.18,Partial,14
44930,30165,2024-09-30,357.9,279.94,Partial,63
44931,30165,2024-11-01,357.9,357.9,Paid,0
44932,30165,2024-11-28,357.9,0,Missed,59
44933,30165,2024-12-28,357.9,357.9,Paid,0
44934,30165,2025-01-26,357.9,357.9,Paid,0
44935,30165,2025-03-01,357.9,357.9,Paid,0
44936,30165,2025-03-27,357.9,357.9,Paid,0
44937,30165,2025-04-30,357.9,357.9,Paid,0
44938,30165,2025-05-30,357.9,357.9,Paid,0
44939,30165,2025-06-29,357.9,357.9,Paid,0
44940,30165,2025-07-24,357.9,357.9,Paid,0
44941,30165,2025-08-26,357.9,357.9,Paid,0
44942,30165,2025-09-26,357.9,357.9,Paid,0
44943,30165,2025-10-23,357.9,357.9,Paid,0
44944,30165,2025-11-23,357.9,357.9,Paid,0
44945,30165,2025-12-23,357.9,0,Missed,60
44946,30165,2026-01-20,357.9,357.9,Paid,0
44947,30165,2026-02-20,357.9,357.9,Paid,0
44948,30165,2026-03-22,357.9,357.9,Paid,0
44949,30165,2026-04-22,357.9,357.9,Paid,0
44950,30165,2026-05-23,357.9,357.9,Paid,0
44951,30166,2024-01-03,866.57,866.57,Paid,0
44952,30166,2024-02-05,866.57,866.57,Paid,0
44953,30166,2024-03-01,866.57,866.57,Paid,0
44954,30166,2024-03-31,866.57,866.57,Paid,0
44955,30166,2024-05-04,866.57,866.57,Paid,0
44956,30166,2024-06-03,866.57,866.57,Paid,0
44957,30166,2024-07-02,866.57,866.57,Paid,0
44958,30166,2024-08-01,866.57,866.57,Paid,0
44959,30166,2024-08-28,866.57,866.57,Paid,0
44960,30166,2024-09-29,866.57,866.57,Paid,0
44961,30166,2024-10-29,866.57,866.57,Paid,0
44962,30166,2024-11-30,866.57,866.57,Paid,0
44963,30166,2024-12-29,866.57,866.57,Paid,0
44964,30166,2025-01-27,866.57,866.57,Paid,0
44965,30166,2025-02-26,866.57,866.57,Paid,0
44966,30166,2025-03-30,866.57,866.57,Paid,0
44967,30166,2025-04-27,866.57,866.57,Paid,0
44968,30166,2025-05-28,866.57,217.4,Partial,45
44969,30166,2025-06-26,866.57,866.57,Paid,0
44970,30166,2025-07-24,866.57,866.57,Paid,0
44971,30166,2025-08-24,866.57,866.57,Paid,0
44972,30166,2025-09-22,866.57,866.57,Paid,0
44973,30166,2025-10-23,866.57,866.57,Paid,0
44974,30166,2025-11-22,866.57,866.57,Paid,0
44975,30166,2025-12-22,866.57,866.57,Paid,0
44976,30166,2026-01-20,866.57,866.57,Paid,0
44977,30166,2026-02-19,866.57,866.57,Paid,0
44978,30166,2026-03-23,866.57,866.57,Paid,0
44979,30166,2026-04-24,866.57,866.57,Paid,0
44980,30166,2026-05-24,866.57,866.57,Paid,0
44981,30167,2024-01-04,1523.3,1523.3,Paid,0
44982,30167,2024-02-02,1523.3,1523.3,Paid,0
44983,30167,2024-03-01,1523.3,1523.3,Paid,0
44984,30167,2024-03-31,1523.3,1523.3,Paid,0
44985,30167,2024-05-01,1523.3,1151.52,Partial,14
44986,30167,2024-05-30,1523.3,1523.3,Paid,0
44987,30167,2024-06-29,1523.3,1523.3,Paid,0
44988,30167,2024-08-03,1523.3,1523.3,Paid,0
44989,30167,2024-08-28,1523.3,1523.3,Paid,0
44990,30167,2024-09-30,1523.3,1523.3,Paid,0
44991,30167,2024-10-31,1523.3,1523.3,Paid,0
44992,30167,2024-11-27,1523.3,1523.3,Paid,0
44993,30167,2024-12-29,1523.3,1523.3,Paid,0
44994,30167,2025-01-26,1523.3,1523.3,Paid,0
44995,30167,2025-03-01,1523.3,1523.3,Paid,0
44996,30167,2025-03-26,1523.3,1523.3,Paid,0
44997,30167,2025-04-29,1523.3,1523.3,Paid,0
44998,30167,2025-05-26,1523.3,0,Missed,19
44999,30167,2025-06-25,1523.3,1523.3,Paid,0
45000,30167,2025-07-28,1523.3,0,Missed,47
45001,30167,2025-08-23,1523.3,1523.3,Paid,0
45002,30167,2025-09-22,1523.3,1523.3,Paid,0
45003,30167,2025-10-24,1523.3,1523.3,Paid,0
45004,30167,2025-11-22,1523.3,1523.3,Paid,0
45005,30167,2025-12-26,1523.3,1523.3,Paid,0
45006,30167,2026-01-22,1523.3,1523.3,Paid,0
45007,30167,2026-02-23,1523.3,1523.3,Paid,0
45008,30167,2026-03-22,1523.3,1523.3,Paid,0
45009,30167,2026-04-22,1523.3,1523.3,Paid,0
45010,30167,2026-05-24,1523.3,1523.3,Paid,0
45011,30168,2024-01-06,169.0,169.0,Paid,0
45012,30168,2024-02-01,169.0,169.0,Paid,0
45013,30168,2024-03-01,169.0,169.0,Paid,0
45014,30168,2024-04-05,169.0,169.0,Paid,0
45015,30168,2024-05-03,169.0,169.0,Paid,0
45016,30168,2024-06-04,169.0,169.0,Paid,0
45017,30168,2024-07-04,169.0,169.0,Paid,0
45018,30168,2024-07-31,169.0,169.0,Paid,0
45019,30168,2024-08-30,169.0,169.0,Paid,0
45020,30168,2024-10-01,169.0,169.0,Paid,0
45021,30168,2024-10-27,169.0,169.0,Paid,0
45022,30168,2024-12-01,169.0,169.0,Paid,0
45023,30168,2024-12-29,169.0,169.0,Paid,0
45024,30168,2025-01-28,169.0,169.0,Paid,0
45025,30168,2025-02-26,169.0,169.0,Paid,0
45026,30168,2025-03-28,169.0,169.0,Paid,0
45027,30168,2025-04-30,169.0,169.0,Paid,0
45028,30168,2025-05-29,169.0,169.0,Paid,0
45029,30168,2025-06-29,169.0,169.0,Paid,0
45030,30168,2025-07-27,169.0,169.0,Paid,0
45031,30168,2025-08-25,169.0,119.63,Partial,65
45032,30168,2025-09-25,169.0,169.0,Paid,0
45033,30168,2025-10-25,169.0,169.0,Paid,0
45034,30168,2025-11-22,169.0,169.0,Paid,0
45035,30168,2025-12-24,169.0,169.0,Paid,0
45036,30168,2026-01-20,169.0,169.0,Paid,0
45037,30168,2026-02-21,169.0,169.0,Paid,0
45038,30168,2026-03-26,169.0,169.0,Paid,0
45039,30168,2026-04-22,169.0,169.0,Paid,0
45040,30168,2026-05-25,169.0,49.12,Partial,63
45041,30169,2024-01-02,290.15,290.15,Paid,0
45042,30169,2024-01-31,290.15,290.15,Paid,0
45043,30169,2024-03-02,290.15,290.15,Paid,0
45044,30169,2024-04-01,290.15,290.15,Paid,0
45045,30169,2024-05-03,290.15,290.15,Paid,0
45046,30169,2024-06-03,290.15,290.15,Paid,0
45047,30169,2024-06-30,290.15,290.15,Paid,0
45048,30169,2024-08-03,290.15,290.15,Paid,0
45049,30169,2024-08-31,290.15,85.85,Partial,65
45050,30169,2024-10-02,290.15,290.15,Paid,0
45051,30169,2024-10-27,290.15,290.15,Paid,0
45052,30169,2024-11-28,290.15,290.15,Paid,0
45053,30169,2024-12-30,290.15,290.15,Paid,0
45054,30169,2025-01-26,290.15,290.15,Paid,0
45055,30169,2025-02-27,290.15,290.15,Paid,0
45056,30169,2025-03-29,290.15,290.15,Paid,0
45057,30169,2025-04-27,290.15,290.15,Paid,0
45058,30169,2025-05-27,290.15,290.15,Paid,0
45059,30169,2025-06-29,290.15,290.15,Paid,0
45060,30169,2025-07-28,290.15,290.15,Paid,0
45061,30169,2025-08-24,290.15,290.15,Paid,0
45062,30169,2025-09-24,290.15,290.15,Paid,0
45063,30169,2025-10-27,290.15,290.15,Paid,0
45064,30169,2025-11-23,290.15,290.15,Paid,0
45065,30169,2025-12-24,290.15,290.15,Paid,0
45066,30169,2026-01-23,290.15,290.15,Paid,0
45067,30169,2026-02-20,290.15,290.15,Paid,0
45068,30169,2026-03-23,290.15,290.15,Paid,0
45069,30169,2026-04-22,290.15,290.15,Paid,0
45070,30169,2026-05-23,290.15,290.15,Paid,0
45071,30170,2024-01-05,90.47,90.47,Paid,0
45072,30170,2024-02-02,90.47,90.47,Paid,0
45073,30170,2024-03-02,90.47,0,Missed,53
45074,30170,2024-04-05,90.47,90.47,Paid,0
45075,30170,2024-05-01,90.47,90.47,Paid,0
45076,30170,2024-06-03,90.47,90.47,Paid,0
45077,30170,2024-06-30,90.47,90.47,Paid,0
45078,30170,2024-08-01,90.47,35.11,Partial,59
45079,30170,2024-08-28,90.47,90.47,Paid,0
45080,30170,2024-09-28,90.47,90.47,Paid,0
45081,30170,2024-10-27,90.47,90.47,Paid,0
45082,30170,2024-11-29,90.47,90.47,Paid,0
45083,30170,2024-12-31,90.47,90.47,Paid,0
45084,30170,2025-01-28,90.47,90.47,Paid,0
45085,30170,2025-02-25,90.47,90.47,Paid,0
45086,30170,2025-03-28,90.47,90.47,Paid,0
45087,30170,2025-04-27,90.47,90.47,Paid,0
45088,30170,2025-05-25,90.47,90.47,Paid,0
45089,30170,2025-06-25,90.47,90.47,Paid,0
45090,30170,2025-07-26,90.47,90.47,Paid,0
45091,30170,2025-08-27,90.47,90.47,Paid,0
45092,30170,2025-09-23,90.47,90.47,Paid,0
45093,30170,2025-10-24,90.47,90.47,Paid,0
45094,30170,2025-11-23,90.47,90.47,Paid,0
45095,30170,2025-12-25,90.47,90.47,Paid,0
45096,30170,2026-01-25,90.47,90.47,Paid,0
45097,30170,2026-02-23,90.47,90.47,Paid,0
45098,30170,2026-03-23,90.47,90.47,Paid,0
45099,30170,2026-04-25,90.47,46.51,Partial,35
45100,30170,2026-05-22,90.47,90.47,Paid,0
45101,30171,2024-01-04,226.92,226.92,Paid,0
45102,30171,2024-01-31,226.92,226.92,Paid,0
45103,30171,2024-03-02,226.92,226.92,Paid,0
45104,30171,2024-03-31,226.92,226.92,Paid,0
45105,30171,2024-05-05,226.92,226.92,Paid,0
45106,30171,2024-05-30,226.92,226.92,Paid,0
45107,30171,2024-06-30,226.92,226.92,Paid,0
45108,30171,2024-08-01,226.92,226.92,Paid,0
45109,30171,2024-09-01,226.92,226.92,Paid,0
45110,30171,2024-09-29,226.92,226.92,Paid,0
45111,30171,2024-10-29,226.92,226.92,Paid,0
45112,30171,2024-11-27,226.92,226.92,Paid,0
45113,30171,2024-12-29,226.92,226.92,Paid,0
45114,30171,2025-01-29,226.92,226.92,Paid,0
45115,30171,2025-02-24,226.92,226.92,Paid,0
45116,30171,2025-03-28,226.92,226.92,Paid,0
45117,30171,2025-04-27,226.92,226.92,Paid,0
45118,30171,2025-05-30,226.92,226.92,Paid,0
45119,30171,2025-06-24,226.92,226.92,Paid,0
45120,30171,2025-07-29,226.92,226.92,Paid,0
45121,30171,2025-08-24,226.92,226.92,Paid,0
45122,30171,2025-09-22,226.92,226.92,Paid,0
45123,30171,2025-10-24,226.92,226.92,Paid,0
45124,30171,2025-11-25,226.92,226.92,Paid,0
45125,30171,2025-12-25,226.92,226.92,Paid,0
45126,30171,2026-01-25,226.92,226.92,Paid,0
45127,30171,2026-02-22,226.92,226.92,Paid,0
45128,30171,2026-03-21,226.92,226.92,Paid,0
45129,30171,2026-04-20,226.92,226.92,Paid,0
45130,30171,2026-05-25,226.92,226.92,Paid,0
45131,30172,2024-01-03,191.37,0,Missed,24
45132,30172,2024-01-31,191.37,191.37,Paid,0
45133,30172,2024-03-01,191.37,191.37,Paid,0
45134,30172,2024-04-04,191.37,191.37,Paid,0
45135,30172,2024-05-03,191.37,191.37,Paid,0
45136,30172,2024-06-02,191.37,191.37,Paid,0
45137,30172,2024-07-03,191.37,191.37,Paid,0
45138,30172,2024-07-30,191.37,191.37,Paid,0
45139,30172,2024-08-28,191.37,191.37,Paid,0
45140,30172,2024-09-29,191.37,191.37,Paid,0
45141,30172,2024-10-27,191.37,191.37,Paid,0
45142,30172,2024-11-30,191.37,191.37,Paid,0
45143,30172,2024-12-31,191.37,191.37,Paid,0
45144,30172,2025-01-26,191.37,191.37,Paid,0
45145,30172,2025-02-24,191.37,191.37,Paid,0
45146,30172,2025-03-27,191.37,147.86,Partial,11
45147,30172,2025-04-29,191.37,191.37,Paid,0
45148,30172,2025-05-28,191.37,191.37,Paid,0
45149,30172,2025-06-29,191.37,191.37,Paid,0
45150,30172,2025-07-28,191.37,191.37,Paid,0
45151,30172,2025-08-26,191.37,191.37,Paid,0
45152,30172,2025-09-27,191.37,191.37,Paid,0
45153,30172,2025-10-26,191.37,191.37,Paid,0
45154,30172,2025-11-22,191.37,191.37,Paid,0
45155,30172,2025-12-22,191.37,191.37,Paid,0
45156,30172,2026-01-23,191.37,191.37,Paid,0
45157,30172,2026-02-24,191.37,191.37,Paid,0
45158,30172,2026-03-23,191.37,191.37,Paid,0
45159,30172,2026-04-21,191.37,191.37,Paid,0
45160,30172,2026-05-21,191.37,191.37,Paid,0
45161,30173,2024-01-06,790.35,790.35,Paid,0
45162,30173,2024-02-02,790.35,790.35,Paid,0
45163,30173,2024-03-03,790.35,790.35,Paid,0
45164,30173,2024-04-01,790.35,790.35,Paid,0
45165,30173,2024-05-04,790.35,790.35,Paid,0
45166,30173,2024-05-31,790.35,790.35,Paid,0
45167,30173,2024-07-01,790.35,790.35,Paid,0
45168,30173,2024-08-03,790.35,790.35,Paid,0
45169,30173,2024-08-28,790.35,790.35,Paid,0
45170,30173,2024-10-02,790.35,790.35,Paid,0
45171,30173,2024-10-30,790.35,790.35,Paid,0
45172,30173,2024-11-26,790.35,790.35,Paid,0
45173,30173,2024-12-26,790.35,790.35,Paid,0
45174,30173,2025-01-26,790.35,790.35,Paid,0
45175,30173,2025-02-28,790.35,790.35,Paid,0
45176,30173,2025-03-28,790.35,790.35,Paid,0
45177,30173,2025-04-30,790.35,790.35,Paid,0
45178,30173,2025-05-29,790.35,790.35,Paid,0
45179,30173,2025-06-26,790.35,790.35,Paid,0
45180,30173,2025-07-29,790.35,790.35,Paid,0
45181,30173,2025-08-27,790.35,558.1,Partial,16
45182,30173,2025-09-26,790.35,790.35,Paid,0
45183,30173,2025-10-22,790.35,790.35,Paid,0
45184,30173,2025-11-22,790.35,790.35,Paid,0
45185,30173,2025-12-22,790.35,790.35,Paid,0
45186,30173,2026-01-25,790.35,790.35,Paid,0
45187,30173,2026-02-21,790.35,790.35,Paid,0
45188,30173,2026-03-24,790.35,790.35,Paid,0
45189,30173,2026-04-21,790.35,385.77,Partial,41
45190,30173,2026-05-22,790.35,790.35,Paid,0
45191,30174,2024-01-06,515.83,515.83,Paid,0
45192,30174,2024-02-01,515.83,515.83,Paid,0
45193,30174,2024-03-01,515.83,367.07,Partial,42
45194,30174,2024-03-31,515.83,515.83,Paid,0
45195,30174,2024-05-02,515.83,197.08,Partial,27
45196,30174,2024-06-04,515.83,515.83,Paid,0
45197,30174,2024-06-30,515.83,515.83,Paid,0
45198,30174,2024-07-31,515.83,515.83,Paid,0
45199,30174,2024-08-29,515.83,0,Missed,50
45200,30174,2024-09-29,515.83,515.83,Paid,0
45201,30174,2024-10-30,515.83,515.83,Paid,0
45202,30174,2024-11-28,515.83,515.83,Paid,0
45203,30174,2024-12-26,515.83,515.83,Paid,0
45204,30174,2025-01-27,515.83,515.83,Paid,0
45205,30174,2025-02-25,515.83,515.83,Paid,0
45206,30174,2025-03-31,515.83,515.83,Paid,0
45207,30174,2025-04-30,515.83,515.83,Paid,0
45208,30174,2025-05-28,515.83,515.83,Paid,0
45209,30174,2025-06-24,515.83,515.83,Paid,0
45210,30174,2025-07-25,515.83,515.83,Paid,0
45211,30174,2025-08-27,515.83,515.83,Paid,0
45212,30174,2025-09-24,515.83,515.83,Paid,0
45213,30174,2025-10-27,515.83,515.83,Paid,0
45214,30174,2025-11-21,515.83,515.83,Paid,0
45215,30174,2025-12-22,515.83,515.83,Paid,0
45216,30174,2026-01-23,515.83,515.83,Paid,0
45217,30174,2026-02-19,515.83,515.83,Paid,0
45218,30174,2026-03-24,515.83,515.83,Paid,0
45219,30174,2026-04-23,515.83,515.83,Paid,0
45220,30174,2026-05-20,515.83,515.83,Paid,0
45221,30175,2024-01-01,147.05,147.05,Paid,0
45222,30175,2024-02-02,147.05,147.05,Paid,0
45223,30175,2024-03-06,147.05,147.05,Paid,0
45224,30175,2024-04-02,147.05,147.05,Paid,0
45225,30175,2024-05-02,147.05,0,Missed,15
45226,30175,2024-05-31,147.05,147.05,Paid,0
45227,30175,2024-06-29,147.05,0,Missed,5
45228,30175,2024-08-02,147.05,147.05,Paid,0
45229,30175,2024-08-31,147.05,147.05,Paid,0
45230,30175,2024-10-02,147.05,147.05,Paid,0
45231,30175,2024-10-28,147.05,147.05,Paid,0
45232,30175,2024-12-01,147.05,147.05,Paid,0
45233,30175,2024-12-28,147.05,147.05,Paid,0
45234,30175,2025-01-27,147.05,147.05,Paid,0
45235,30175,2025-02-27,147.05,147.05,Paid,0
45236,30175,2025-03-28,147.05,147.05,Paid,0
45237,30175,2025-04-27,147.05,147.05,Paid,0
45238,30175,2025-05-29,147.05,147.05,Paid,0
45239,30175,2025-06-29,147.05,147.05,Paid,0
45240,30175,2025-07-27,147.05,147.05,Paid,0
45241,30175,2025-08-26,147.05,147.05,Paid,0
45242,30175,2025-09-24,147.05,147.05,Paid,0
45243,30175,2025-10-23,147.05,147.05,Paid,0
45244,30175,2025-11-24,147.05,147.05,Paid,0
45245,30175,2025-12-24,147.05,147.05,Paid,0
45246,30175,2026-01-23,147.05,147.05,Paid,0
45247,30175,2026-02-21,147.05,58.77,Partial,25
45248,30175,2026-03-26,147.05,147.05,Paid,0
45249,30175,2026-04-24,147.05,147.05,Paid,0
45250,30175,2026-05-21,147.05,59.71,Partial,61
45251,30176,2024-01-06,106.05,106.05,Paid,0
45252,30176,2024-02-02,106.05,106.05,Paid,0
45253,30176,2024-03-06,106.05,106.05,Paid,0
45254,30176,2024-04-04,106.05,106.05,Paid,0
45255,30176,2024-05-01,106.05,106.05,Paid,0
45256,30176,2024-06-02,106.05,106.05,Paid,0
45257,30176,2024-07-02,106.05,84.24,Partial,37
45258,30176,2024-07-29,106.05,106.05,Paid,0
45259,30176,2024-09-01,106.05,106.05,Paid,0
45260,30176,2024-10-01,106.05,106.05,Paid,0
45261,30176,2024-10-28,106.05,106.05,Paid,0
45262,30176,2024-12-01,106.05,106.05,Paid,0
45263,30176,2024-12-28,106.05,106.05,Paid,0
45264,30176,2025-01-27,106.05,106.05,Paid,0
45265,30176,2025-02-26,106.05,106.05,Paid,0
45266,30176,2025-03-29,106.05,106.05,Paid,0
45267,30176,2025-04-28,106.05,106.05,Paid,0
45268,30176,2025-05-27,106.05,106.05,Paid,0
45269,30176,2025-06-29,106.05,106.05,Paid,0
45270,30176,2025-07-24,106.05,106.05,Paid,0
45271,30176,2025-08-28,106.05,106.05,Paid,0
45272,30176,2025-09-27,106.05,33.19,Partial,3
45273,30176,2025-10-26,106.05,106.05,Paid,0
45274,30176,2025-11-24,106.05,106.05,Paid,0
45275,30176,2025-12-21,106.05,106.05,Paid,0
45276,30176,2026-01-22,106.05,106.05,Paid,0
45277,30176,2026-02-22,106.05,106.05,Paid,0
45278,30176,2026-03-22,106.05,106.05,Paid,0
45279,30176,2026-04-20,106.05,0,Missed,15
45280,30176,2026-05-20,106.05,106.05,Paid,0
45281,30177,2024-01-03,6447.49,6447.49,Paid,0
45282,30177,2024-02-01,6447.49,6447.49,Paid,0
45283,30177,2024-03-06,6447.49,6447.49,Paid,0
45284,30177,2024-04-02,6447.49,6447.49,Paid,0
45285,30177,2024-04-30,6447.49,6447.49,Paid,0
45286,30177,2024-06-01,6447.49,6447.49,Paid,0
45287,30177,2024-06-29,6447.49,6447.49,Paid,0
45288,30177,2024-07-31,6447.49,6447.49,Paid,0
45289,30177,2024-08-30,6447.49,6447.49,Paid,0
45290,30177,2024-09-30,6447.49,6447.49,Paid,0
45291,30177,2024-10-30,6447.49,6447.49,Paid,0
45292,30177,2024-11-30,6447.49,6447.49,Paid,0
45293,30177,2024-12-29,6447.49,0,Missed,34
45294,30177,2025-01-27,6447.49,6447.49,Paid,0
45295,30177,2025-02-26,6447.49,6447.49,Paid,0
45296,30177,2025-03-29,6447.49,6447.49,Paid,0
45297,30177,2025-04-25,6447.49,6447.49,Paid,0
45298,30177,2025-05-29,6447.49,6447.49,Paid,0
45299,30177,2025-06-26,6447.49,3938.83,Partial,4
45300,30177,2025-07-27,6447.49,6447.49,Paid,0
45301,30177,2025-08-26,6447.49,6447.49,Paid,0
45302,30177,2025-09-22,6447.49,6447.49,Paid,0
45303,30177,2025-10-26,6447.49,6447.49,Paid,0
45304,30177,2025-11-22,6447.49,6447.49,Paid,0
45305,30177,2025-12-26,6447.49,6447.49,Paid,0
45306,30177,2026-01-20,6447.49,6447.49,Paid,0
45307,30177,2026-02-24,6447.49,6447.49,Paid,0
45308,30177,2026-03-25,6447.49,0,Missed,5
45309,30177,2026-04-22,6447.49,6447.49,Paid,0
45310,30177,2026-05-25,6447.49,6447.49,Paid,0
45311,30178,2024-01-02,244.91,244.91,Paid,0
45312,30178,2024-01-31,244.91,244.91,Paid,0
45313,30178,2024-03-02,244.91,244.91,Paid,0
45314,30178,2024-04-05,244.91,244.91,Paid,0
45315,30178,2024-05-04,244.91,244.91,Paid,0
45316,30178,2024-06-03,244.91,244.91,Paid,0
45317,30178,2024-07-01,244.91,244.91,Paid,0
45318,30178,2024-08-01,244.91,244.91,Paid,0
45319,30178,2024-09-01,244.91,244.91,Paid,0
45320,30178,2024-09-27,244.91,244.91,Paid,0
45321,30178,2024-10-27,244.91,244.91,Paid,0
45322,30178,2024-11-29,244.91,244.91,Paid,0
45323,30178,2024-12-29,244.91,244.91,Paid,0
45324,30178,2025-01-26,244.91,244.91,Paid,0
45325,30178,2025-02-28,244.91,244.91,Paid,0
45326,30178,2025-03-26,244.91,244.91,Paid,0
45327,30178,2025-04-25,244.91,244.91,Paid,0
45328,30178,2025-05-28,244.91,244.91,Paid,0
45329,30178,2025-06-27,244.91,244.91,Paid,0
45330,30178,2025-07-29,244.91,162.49,Partial,5
45331,30178,2025-08-25,244.91,244.91,Paid,0
45332,30178,2025-09-24,244.91,244.91,Paid,0
45333,30178,2025-10-26,244.91,244.91,Paid,0
45334,30178,2025-11-22,244.91,244.91,Paid,0
45335,30178,2025-12-26,244.91,66.04,Partial,13
45336,30178,2026-01-21,244.91,244.91,Paid,0
45337,30178,2026-02-23,244.91,244.91,Paid,0
45338,30178,2026-03-24,244.91,244.91,Paid,0
45339,30178,2026-04-25,244.91,244.91,Paid,0
45340,30178,2026-05-25,244.91,244.91,Paid,0
45341,30179,2024-01-06,164.46,164.46,Paid,0
45342,30179,2024-02-04,164.46,164.46,Paid,0
45343,30179,2024-03-04,164.46,164.46,Paid,0
45344,30179,2024-04-03,164.46,164.46,Paid,0
45345,30179,2024-05-03,164.46,164.46,Paid,0
45346,30179,2024-05-30,164.46,164.46,Paid,0
45347,30179,2024-07-04,164.46,164.46,Paid,0
45348,30179,2024-08-01,164.46,164.46,Paid,0
45349,30179,2024-08-29,164.46,119.29,Partial,10
45350,30179,2024-09-27,164.46,164.46,Paid,0
45351,30179,2024-10-31,164.46,164.46,Paid,0
45352,30179,2024-11-27,164.46,164.46,Paid,0
45353,30179,2024-12-30,164.46,164.46,Paid,0
45354,30179,2025-01-27,164.46,164.46,Paid,0
45355,30179,2025-03-01,164.46,164.46,Paid,0
45356,30179,2025-03-29,164.46,164.46,Paid,0
45357,30179,2025-04-25,164.46,164.46,Paid,0
45358,30179,2025-05-26,164.46,164.46,Paid,0
45359,30179,2025-06-29,164.46,164.46,Paid,0
45360,30179,2025-07-24,164.46,164.46,Paid,0
45361,30179,2025-08-27,164.46,164.46,Paid,0
45362,30179,2025-09-22,164.46,164.46,Paid,0
45363,30179,2025-10-24,164.46,164.46,Paid,0
45364,30179,2025-11-21,164.46,164.46,Paid,0
45365,30179,2025-12-22,164.46,164.46,Paid,0
45366,30179,2026-01-21,164.46,164.46,Paid,0
45367,30179,2026-02-20,164.46,164.46,Paid,0
45368,30179,2026-03-24,164.46,164.46,Paid,0
45369,30179,2026-04-21,164.46,164.46,Paid,0
45370,30179,2026-05-23,164.46,164.46,Paid,0
45371,30180,2024-01-06,323.62,323.62,Paid,0
45372,30180,2024-01-31,323.62,323.62,Paid,0
45373,30180,2024-03-02,323.62,323.62,Paid,0
45374,30180,2024-04-01,323.62,323.62,Paid,0
45375,30180,2024-04-30,323.62,323.62,Paid,0
45376,30180,2024-05-30,323.62,323.62,Paid,0
45377,30180,2024-06-30,323.62,323.62,Paid,0
45378,30180,2024-08-01,323.62,323.62,Paid,0
45379,30180,2024-08-30,323.62,225.49,Partial,29
45380,30180,2024-09-27,323.62,323.62,Paid,0
45381,30180,2024-10-27,323.62,323.62,Paid,0
45382,30180,2024-11-29,323.62,323.62,Paid,0
45383,30180,2024-12-31,323.62,323.62,Paid,0
45384,30180,2025-01-27,323.62,323.62,Paid,0
45385,30180,2025-02-28,323.62,323.62,Paid,0
45386,30180,2025-03-27,323.62,323.62,Paid,0
45387,30180,2025-04-26,323.62,323.62,Paid,0
45388,30180,2025-05-29,323.62,190.17,Partial,51
45389,30180,2025-06-29,323.62,323.62,Paid,0
45390,30180,2025-07-28,323.62,323.62,Paid,0
45391,30180,2025-08-26,323.62,323.62,Paid,0
45392,30180,2025-09-25,323.62,323.62,Paid,0
45393,30180,2025-10-25,323.62,323.62,Paid,0
45394,30180,2025-11-21,323.62,323.62,Paid,0
45395,30180,2025-12-22,323.62,323.62,Paid,0
45396,30180,2026-01-20,323.62,323.62,Paid,0
45397,30180,2026-02-22,323.62,323.62,Paid,0
45398,30180,2026-03-26,323.62,323.62,Paid,0
45399,30180,2026-04-22,323.62,323.62,Paid,0
45400,30180,2026-05-24,323.62,323.62,Paid,0
